5.60337 , 43.345195 , "FR Radar Feu Rouge FR"
2.32547 , 48.81772 , "FR Radar Feu Rouge FR"
2.41371 , 48.90184 , "FR Radar Feu Rouge FR"
2.364534 , 51.027843 , "FR Radar Feu Rouge FR"
-0.5688273 , 44.8599301 , "FR Radar Feu Rouge FR"
2.1151775 , 49.0400594 , "FR Radar Feu Rouge FR"
3.8846663 , 43.6018288 , "FR Radar Feu Rouge FR"
2.0285274 , 49.0102979 , "FR Radar Feu Rouge FR"
-0.32845 , 45.67332 , "FR Radar Feu Rouge FR"
-0.328602 , 45.6737 , "FR Radar Feu Rouge FR"
7.73172 , 48.59142 , "FR Radar Feu Rouge FR"
7.7311 , 48.59146 , "FR Radar Feu Rouge FR"
0.18456 , 45.650832 , "FR Radar Feu Rouge FR"
2.25248 , 48.83216 , "FR Radar Feu Rouge FR"
6.482333 , 43.505505 , "FR Radar Feu Rouge FR"
1.16195 , 49.016433 , "FR Radar Feu Rouge FR"
-1.946877 , 46.698159 , "FR Radar Feu Rouge FR"
5.64089 , 43.19073 , "FR Radar Feu Rouge FR"
1.24436 , 48.75853 , "FR Radar Feu Rouge FR"
3.84431 , 43.59684 , "FR Radar Feu Rouge FR"
3.8455 , 43.59652 , "FR Radar Feu Rouge FR"
4.78166 , 43.93609 , "FR Radar Feu Rouge FR"
4.78186 , 43.93561 , "FR Radar Feu Rouge FR"
4.864291 , 43.992213 , "FR Radar Feu Rouge FR"
6.483491 , 43.503771 , "FR Radar Feu Rouge FR"
-1.02922 , 45.6239 , "FR Radar Feu Rouge FR"
4.0832 , 44.1339 , "FR Radar Feu Rouge FR"
1.37081 , 44.03571 , "FR Radar Feu Rouge FR"
7.75573 , 48.57539 , "FR Radar Feu Rouge FR"
7.70668 , 48.56504 , "FR Radar Feu Rouge FR"
6.18019 , 49.10037 , "FR Radar Feu Rouge FR"
7.34409 , 47.75962 , "FR Radar Feu Rouge FR"
6.63801 , 47.69797 , "FR Radar Feu Rouge FR"
6.63676 , 47.69814 , "FR Radar Feu Rouge FR"
7.33129 , 48.08655 , "FR Radar Feu Rouge FR"
6.16864 , 48.6836 , "FR Radar Feu Rouge FR"
6.14118 , 48.69582 , "FR Radar Feu Rouge FR"
6.1247 , 48.69504 , "FR Radar Feu Rouge FR"
6.17037 , 48.68745 , "FR Radar Feu Rouge FR"
6.17207 , 47.62752 , "FR Radar Feu Rouge FR"
7.30542 , 47.74991 , "FR Radar Feu Rouge FR"
7.45745 , 48.26876 , "FR Radar Feu Rouge FR"
7.45034 , 48.25864 , "FR Radar Feu Rouge FR"
7.4568 , 48.26802 , "FR Radar Feu Rouge FR"
7.78423 , 48.81326 , "FR Radar Feu Rouge FR"
7.78322 , 48.81089 , "FR Radar Feu Rouge FR"
7.3601 , 48.08064 , "FR Radar Feu Rouge FR"
7.34729 , 48.08381 , "FR Radar Feu Rouge FR"
7.70598 , 48.56452 , "FR Radar Feu Rouge FR"
7.33936 , 47.76053 , "FR Radar Feu Rouge FR"
7.33385 , 48.07037 , "FR Radar Feu Rouge FR"
7.32614 , 47.76921 , "FR Radar Feu Rouge FR"
7.2942 , 47.73249 , "FR Radar Feu Rouge FR"
7.35017 , 47.75551 , "FR Radar Feu Rouge FR"
6.19545 , 48.68706 , "FR Radar Feu Rouge FR"
6.18739 , 48.6991 , "FR Radar Feu Rouge FR"
6.16258 , 48.70514 , "FR Radar Feu Rouge FR"
6.20254 , 48.68971 , "FR Radar Feu Rouge FR"
6.19209 , 48.69356 , "FR Radar Feu Rouge FR"
6.19848 , 48.67995 , "FR Radar Feu Rouge FR"
6.14701 , 48.67706 , "FR Radar Feu Rouge FR"
6.17251 , 48.70026 , "FR Radar Feu Rouge FR"
-0.59896 , 44.83662 , "FR Radar Feu Rouge FR"
-0.57242 , 44.85435 , "FR Radar Feu Rouge FR"
-0.47826 , 43.87855 , "FR Radar Feu Rouge FR"
0.58399 , 45.88586 , "FR Radar Feu Rouge FR"
0.06401 , 43.22043 , "FR Radar Feu Rouge FR"
0.05617 , 43.22777 , "FR Radar Feu Rouge FR"
-1.49148 , 43.49822 , "FR Radar Feu Rouge FR"
-1.60693 , 43.42058 , "FR Radar Feu Rouge FR"
-1.49443 , 43.48509 , "FR Radar Feu Rouge FR"
-0.37055 , 43.30493 , "FR Radar Feu Rouge FR"
-1.06949 , 43.69417 , "FR Radar Feu Rouge FR"
-0.39581 , 43.30196 , "FR Radar Feu Rouge FR"
-0.780808 , 43.492678 , "FR Radar Feu Rouge FR"
-0.51327 , 43.89492 , "FR Radar Feu Rouge FR"
0.70388 , 45.19486 , "FR Radar Feu Rouge FR"
0.72975 , 45.18804 , "FR Radar Feu Rouge FR"
1.22702 , 45.12933 , "FR Radar Feu Rouge FR"
0.97687 , 45.5423 , "FR Radar Feu Rouge FR"
-1.53663 , 43.48705 , "FR Radar Feu Rouge FR"
0.172805 , 45.64672 , "FR Radar Feu Rouge FR"
0.15952 , 45.67148 , "FR Radar Feu Rouge FR"
0.163656 , 45.679077 , "FR Radar Feu Rouge FR"
0.17393 , 45.67266 , "FR Radar Feu Rouge FR"
0.2196 , 45.67688 , "FR Radar Feu Rouge FR"
-0.30663 , 45.67254 , "FR Radar Feu Rouge FR"
0.387457 , 45.740622 , "FR Radar Feu Rouge FR"
0.15933 , 45.67209 , "FR Radar Feu Rouge FR"
-0.32393 , 43.311 , "FR Radar Feu Rouge FR"
-0.37564 , 43.31371 , "FR Radar Feu Rouge FR"
-0.37847 , 43.29603 , "FR Radar Feu Rouge FR"
-0.4179 , 43.3139 , "FR Radar Feu Rouge FR"
-0.32293 , 43.31162 , "FR Radar Feu Rouge FR"
0.15215 , 45.64584 , "FR Radar Feu Rouge FR"
0.38659 , 45.73637 , "FR Radar Feu Rouge FR"
0.38747 , 45.7434 , "FR Radar Feu Rouge FR"
0.387407 , 45.741235 , "FR Radar Feu Rouge FR"
0.7074 , 44.39777 , "FR Radar Feu Rouge FR"
-0.36767 , 43.3192 , "FR Radar Feu Rouge FR"
-1.58929 , 43.43806 , "FR Radar Feu Rouge FR"
0.58249 , 45.88598 , "FR Radar Feu Rouge FR"
-1.1505 , 46.17373 , "FR Radar Feu Rouge FR"
-1.02381 , 45.62438 , "FR Radar Feu Rouge FR"
-1.13582 , 46.15514 , "FR Radar Feu Rouge FR"
0.61156 , 44.20639 , "FR Radar Feu Rouge FR"
0.15834 , 44.50159 , "FR Radar Feu Rouge FR"
0.55187 , 44.20183 , "FR Radar Feu Rouge FR"
-1.13594 , 46.15473 , "FR Radar Feu Rouge FR"
0.70708 , 44.39831 , "FR Radar Feu Rouge FR"
0.387103 , 45.743971 , "FR Radar Feu Rouge FR"
-0.30706 , 45.67303 , "FR Radar Feu Rouge FR"
-1.15034 , 46.17315 , "FR Radar Feu Rouge FR"
-1.4693 , 43.5036 , "FR Radar Feu Rouge FR"
4.79513 , 45.77358 , "FR Radar Feu Rouge FR"
4.80868 , 44.13848 , "FR Radar Feu Rouge FR"
2.43832 , 44.91233 , "FR Radar Feu Rouge FR"
2.43986 , 44.9217 , "FR Radar Feu Rouge FR"
3.11628 , 45.79701 , "FR Radar Feu Rouge FR"
3.1109 , 45.77865 , "FR Radar Feu Rouge FR"
2.39391 , 47.07211 , "FR Radar Feu Rouge FR"
2.40641 , 47.07561 , "FR Radar Feu Rouge FR"
2.38896 , 47.08259 , "FR Radar Feu Rouge FR"
2.42491 , 47.10469 , "FR Radar Feu Rouge FR"
2.40925 , 47.10293 , "FR Radar Feu Rouge FR"
2.409425 , 47.061755 , "FR Radar Feu Rouge FR"
2.38925 , 47.08202 , "FR Radar Feu Rouge FR"
4.64383 , 44.26212 , "FR Radar Feu Rouge FR"
4.87797 , 44.91302 , "FR Radar Feu Rouge FR"
4.10532 , 44.1716 , "FR Radar Feu Rouge FR"
4.85312 , 45.5415 , "FR Radar Feu Rouge FR"
4.72962 , 44.55887 , "FR Radar Feu Rouge FR"
4.080507 , 44.110861 , "FR Radar Feu Rouge FR"
2.3813 , 47.09955 , "FR Radar Feu Rouge FR"
2.38096 , 47.10008 , "FR Radar Feu Rouge FR"
4.07861 , 44.13395 , "FR Radar Feu Rouge FR"
2.40945 , 47.10346 , "FR Radar Feu Rouge FR"
4.40134 , 45.41567 , "FR Radar Feu Rouge FR"
4.37915 , 45.44229 , "FR Radar Feu Rouge FR"
4.86704 , 45.7789 , "FR Radar Feu Rouge FR"
3.12044 , 45.7733 , "FR Radar Feu Rouge FR"
4.37902 , 45.44184 , "FR Radar Feu Rouge FR"
4.081962 , 44.105386 , "FR Radar Feu Rouge FR"
3.10381 , 45.90088 , "FR Radar Feu Rouge FR"
3.10422 , 45.9005 , "FR Radar Feu Rouge FR"
4.86044 , 45.76914 , "FR Radar Feu Rouge FR"
4.36643 , 45.40378 , "FR Radar Feu Rouge FR"
4.39233 , 45.42342 , "FR Radar Feu Rouge FR"
4.06703 , 46.05091 , "FR Radar Feu Rouge FR"
4.06643 , 46.05061 , "FR Radar Feu Rouge FR"
3.2006 , 45.73872 , "FR Radar Feu Rouge FR"
4.88753 , 45.70608 , "FR Radar Feu Rouge FR"
-1.44388 , 49.05188 , "FR Radar Feu Rouge FR"
0.74161 , 47.39711 , "FR Radar Feu Rouge FR"
0.55119 , 47.54799 , "FR Radar Feu Rouge FR"
0.2104 , 47.96983 , "FR Radar Feu Rouge FR"
0.22467 , 47.97503 , "FR Radar Feu Rouge FR"
-1.07912 , 49.11305 , "FR Radar Feu Rouge FR"
-1.66315 , 49.65332 , "FR Radar Feu Rouge FR"
-1.651274 , 49.647707 , "FR Radar Feu Rouge FR"
0.35633 , 49.53331 , "FR Radar Feu Rouge FR"
0.10448 , 49.5228 , "FR Radar Feu Rouge FR"
1.05633 , 49.45288 , "FR Radar Feu Rouge FR"
1.08257 , 49.42566 , "FR Radar Feu Rouge FR"
0.21027 , 47.96916 , "FR Radar Feu Rouge FR"
0.18094 , 48.00904 , "FR Radar Feu Rouge FR"
-0.10593 , 47.71911 , "FR Radar Feu Rouge FR"
0.22547 , 47.97456 , "FR Radar Feu Rouge FR"
0.17689 , 47.96309 , "FR Radar Feu Rouge FR"
0.17723 , 47.96229 , "FR Radar Feu Rouge FR"
0.15043 , 49.48849 , "FR Radar Feu Rouge FR"
0.88114 , 49.75105 , "FR Radar Feu Rouge FR"
0.74226 , 47.39719 , "FR Radar Feu Rouge FR"
0.55154 , 47.54724 , "FR Radar Feu Rouge FR"
0.55083 , 47.5475 , "FR Radar Feu Rouge FR"
0.55186 , 47.54774 , "FR Radar Feu Rouge FR"
-1.75786 , 48.09834 , "FR Radar Feu Rouge FR"
-1.75747 , 48.09903 , "FR Radar Feu Rouge FR"
5.05981 , 47.33622 , "FR Radar Feu Rouge FR"
5.05719 , 47.33658 , "FR Radar Feu Rouge FR"
5.90702 , 45.5761 , "FR Radar Feu Rouge FR"
4.08374 , 48.28877 , "FR Radar Feu Rouge FR"
3.71491 , 48.51654 , "FR Radar Feu Rouge FR"
4.99075 , 48.62549 , "FR Radar Feu Rouge FR"
4.94332 , 48.63733 , "FR Radar Feu Rouge FR"
4.08897 , 48.26737 , "FR Radar Feu Rouge FR"
3.71479 , 48.51604 , "FR Radar Feu Rouge FR"
4.977174 , 48.642244 , "FR Radar Feu Rouge FR"
5.15343 , 48.09895 , "FR Radar Feu Rouge FR"
4.08948 , 48.26686 , "FR Radar Feu Rouge FR"
5.05108 , 47.34156 , "FR Radar Feu Rouge FR"
5.05201 , 47.34092 , "FR Radar Feu Rouge FR"
5.01387 , 47.31392 , "FR Radar Feu Rouge FR"
5.03784 , 47.30933 , "FR Radar Feu Rouge FR"
5.04458 , 47.31605 , "FR Radar Feu Rouge FR"
5.01351 , 47.3134 , "FR Radar Feu Rouge FR"
5.04972 , 47.30526 , "FR Radar Feu Rouge FR"
5.15295 , 48.09938 , "FR Radar Feu Rouge FR"
-1.54124 , 47.23512 , "FR Radar Feu Rouge FR"
-1.56931 , 47.20853 , "FR Radar Feu Rouge FR"
-1.56553 , 47.21617 , "FR Radar Feu Rouge FR"
-1.55493 , 47.21777 , "FR Radar Feu Rouge FR"
-2.77899 , 48.51742 , "FR Radar Feu Rouge FR"
-2.9945 , 47.66834 , "FR Radar Feu Rouge FR"
-2.7351 , 47.65371 , "FR Radar Feu Rouge FR"
-4.406251 , 48.401876 , "FR Radar Feu Rouge FR"
2.34873 , 48.85679 , "FR Radar Feu Rouge FR"
1.90832 , 47.87991 , "FR Radar Feu Rouge FR"
2.13716 , 48.89343 , "FR Radar Feu Rouge FR"
1.84141 , 47.92779 , "FR Radar Feu Rouge FR"
2.14091 , 48.89281 , "FR Radar Feu Rouge FR"
2.11759 , 48.8972 , "FR Radar Feu Rouge FR"
2.13706 , 48.90269 , "FR Radar Feu Rouge FR"
2.20134 , 49.28821 , "FR Radar Feu Rouge FR"
2.48721 , 49.25616 , "FR Radar Feu Rouge FR"
2.08999 , 49.01357 , "FR Radar Feu Rouge FR"
2.19421 , 48.99448 , "FR Radar Feu Rouge FR"
2.36026 , 48.99137 , "FR Radar Feu Rouge FR"
2.36023 , 48.99181 , "FR Radar Feu Rouge FR"
2.19511 , 48.99407 , "FR Radar Feu Rouge FR"
2.38657 , 49.02271 , "FR Radar Feu Rouge FR"
2.38647 , 49.02338 , "FR Radar Feu Rouge FR"
2.41997 , 48.79846 , "FR Radar Feu Rouge FR"
2.279786 , 48.956158 , "FR Radar Feu Rouge FR"
2.28128 , 48.95644 , "FR Radar Feu Rouge FR"
2.25452 , 48.95387 , "FR Radar Feu Rouge FR"
2.25464 , 48.95431 , "FR Radar Feu Rouge FR"
2.604366 , 49.300355 , "FR Radar Feu Rouge FR"
2.47143 , 48.80608 , "FR Radar Feu Rouge FR"
2.45181 , 48.91962 , "FR Radar Feu Rouge FR"
2.46507 , 49.19296 , "FR Radar Feu Rouge FR"
2.18188 , 48.99088 , "FR Radar Feu Rouge FR"
1.18473 , 49.20741 , "FR Radar Feu Rouge FR"
1.117864 , 49.018747 , "FR Radar Feu Rouge FR"
2.182 , 48.9912 , "FR Radar Feu Rouge FR"
0.41469 , 46.54354 , "FR Radar Feu Rouge FR"
2.17491 , 48.67834 , "FR Radar Feu Rouge FR"
2.57937 , 49.19904 , "FR Radar Feu Rouge FR"
2.49674 , 48.67788 , "FR Radar Feu Rouge FR"
2.3436 , 48.63453 , "FR Radar Feu Rouge FR"
2.34417 , 48.63461 , "FR Radar Feu Rouge FR"
2.57923 , 49.19878 , "FR Radar Feu Rouge FR"
2.17454 , 48.67903 , "FR Radar Feu Rouge FR"
2.26617 , 48.63542 , "FR Radar Feu Rouge FR"
2.21357 , 48.84962 , "FR Radar Feu Rouge FR"
2.30813 , 48.90079 , "FR Radar Feu Rouge FR"
2.49595 , 48.67851 , "FR Radar Feu Rouge FR"
2.2987 , 48.69552 , "FR Radar Feu Rouge FR"
1.8995 , 47.91451 , "FR Radar Feu Rouge FR"
2.59085 , 49.20822 , "FR Radar Feu Rouge FR"
1.9248 , 48.7483 , "FR Radar Feu Rouge FR"
2.01824 , 49.04345 , "FR Radar Feu Rouge FR"
2.01783 , 49.04265 , "FR Radar Feu Rouge FR"
2.23771 , 49.169142 , "FR Radar Feu Rouge FR"
2.07397 , 49.01605 , "FR Radar Feu Rouge FR"
2.07462 , 49.01533 , "FR Radar Feu Rouge FR"
2.03542 , 48.93888 , "FR Radar Feu Rouge FR"
2.03621 , 48.93855 , "FR Radar Feu Rouge FR"
2.32125 , 48.7961 , "FR Radar Feu Rouge FR"
2.32232 , 48.79621 , "FR Radar Feu Rouge FR"
2.41476 , 49.2152 , "FR Radar Feu Rouge FR"
2.02745 , 49.01354 , "FR Radar Feu Rouge FR"
1.96475 , 47.9143 , "FR Radar Feu Rouge FR"
1.96392 , 47.9141 , "FR Radar Feu Rouge FR"
2.10733 , 48.85549 , "FR Radar Feu Rouge FR"
2.44676 , 48.73595 , "FR Radar Feu Rouge FR"
2.44688 , 48.73513 , "FR Radar Feu Rouge FR"
1.71057 , 48.99036 , "FR Radar Feu Rouge FR"
2.13509 , 48.80519 , "FR Radar Feu Rouge FR"
2.125332 , 48.806729 , "FR Radar Feu Rouge FR"
1.84109 , 47.92795 , "FR Radar Feu Rouge FR"
2.73239 , 47.99389 , "FR Radar Feu Rouge FR"
2.20561 , 48.75218 , "FR Radar Feu Rouge FR"
2.20578 , 48.75213 , "FR Radar Feu Rouge FR"
2.073956 , 49.031752 , "FR Radar Feu Rouge FR"
2.01535 , 49.05479 , "FR Radar Feu Rouge FR"
2.0292 , 49.01056 , "FR Radar Feu Rouge FR"
2.09046 , 49.0424 , "FR Radar Feu Rouge FR"
2.11059 , 49.02319 , "FR Radar Feu Rouge FR"
2.03055 , 49.03501 , "FR Radar Feu Rouge FR"
2.44692 , 48.78315 , "FR Radar Feu Rouge FR"
2.44701 , 48.78364 , "FR Radar Feu Rouge FR"
2.47668 , 49.25256 , "FR Radar Feu Rouge FR"
2.43456 , 48.84963 , "FR Radar Feu Rouge FR"
0.32143 , 46.5519 , "FR Radar Feu Rouge FR"
2.13688 , 48.80545 , "FR Radar Feu Rouge FR"
1.91914 , 47.90133 , "FR Radar Feu Rouge FR"
1.9409 , 48.82371 , "FR Radar Feu Rouge FR"
1.94041 , 48.82332 , "FR Radar Feu Rouge FR"
1.91678 , 47.91511 , "FR Radar Feu Rouge FR"
2.037058 , 48.776317 , "FR Radar Feu Rouge FR"
2.47721 , 49.25186 , "FR Radar Feu Rouge FR"
2.47504 , 49.26005 , "FR Radar Feu Rouge FR"
2.4751 , 49.25976 , "FR Radar Feu Rouge FR"
2.03776 , 48.776311 , "FR Radar Feu Rouge FR"
1.92161 , 47.90575 , "FR Radar Feu Rouge FR"
1.9475 , 48.76943 , "FR Radar Feu Rouge FR"
2.4871 , 49.25688 , "FR Radar Feu Rouge FR"
2.47741 , 49.2528 , "FR Radar Feu Rouge FR"
2.25385 , 48.83196 , "FR Radar Feu Rouge FR"
2.87843 , 49.28979 , "FR Radar Feu Rouge FR"
2.10426 , 48.8888 , "FR Radar Feu Rouge FR"
4.58972 , 48.73375 , "FR Radar Feu Rouge FR"
3.04566 , 49.39807 , "FR Radar Feu Rouge FR"
4.37807 , 48.94282 , "FR Radar Feu Rouge FR"
3.04439 , 49.39816 , "FR Radar Feu Rouge FR"
3.3928 , 50.3735 , "FR Radar Feu Rouge FR"
3.39262 , 50.37336 , "FR Radar Feu Rouge FR"
3.30135 , 50.33421 , "FR Radar Feu Rouge FR"
6.36397 , 45.66379 , "FR Radar Feu Rouge FR"
6.38605 , 45.6718 , "FR Radar Feu Rouge FR"
6.33027 , 46.31827 , "FR Radar Feu Rouge FR"
6.1212 , 45.91143 , "FR Radar Feu Rouge FR"
6.48535 , 46.37389 , "FR Radar Feu Rouge FR"
6.24779 , 46.18605 , "FR Radar Feu Rouge FR"
6.47104 , 46.37071 , "FR Radar Feu Rouge FR"
6.23651 , 46.18596 , "FR Radar Feu Rouge FR"
1.71705 , 49.42238 , "FR Radar Feu Rouge FR"
1.13432 , 49.43651 , "FR Radar Feu Rouge FR"
2.41649 , 51.04792 , "FR Radar Feu Rouge FR"
2.3476 , 51.024 , "FR Radar Feu Rouge FR"
2.30473 , 51.02251 , "FR Radar Feu Rouge FR"
2.41661 , 51.04827 , "FR Radar Feu Rouge FR"
2.41705 , 51.0481 , "FR Radar Feu Rouge FR"
2.30413 , 51.02217 , "FR Radar Feu Rouge FR"
2.30429 , 51.02251 , "FR Radar Feu Rouge FR"
2.2871 , 49.90353 , "FR Radar Feu Rouge FR"
2.30446 , 51.02204 , "FR Radar Feu Rouge FR"
2.32963 , 49.87524 , "FR Radar Feu Rouge FR"
2.29459 , 49.91494 , "FR Radar Feu Rouge FR"
2.30361 , 49.88615 , "FR Radar Feu Rouge FR"
2.30372 , 49.88571 , "FR Radar Feu Rouge FR"
2.35051 , 49.87339 , "FR Radar Feu Rouge FR"
2.29402 , 49.91606 , "FR Radar Feu Rouge FR"
2.28103 , 49.88908 , "FR Radar Feu Rouge FR"
2.32554 , 49.9087 , "FR Radar Feu Rouge FR"
2.34949 , 51.03168 , "FR Radar Feu Rouge FR"
2.3497 , 51.03115 , "FR Radar Feu Rouge FR"
2.29859 , 49.90051 , "FR Radar Feu Rouge FR"
2.34672 , 51.02368 , "FR Radar Feu Rouge FR"
2.27874 , 49.86764 , "FR Radar Feu Rouge FR"
2.33227 , 49.90147 , "FR Radar Feu Rouge FR"
4.8132 , 43.95338 , "FR Radar Feu Rouge FR"
4.8253 , 43.93071 , "FR Radar Feu Rouge FR"
4.22066 , 43.72763 , "FR Radar Feu Rouge FR"
4.34008 , 43.82049 , "FR Radar Feu Rouge FR"
4.35254 , 43.82825 , "FR Radar Feu Rouge FR"
4.3812 , 43.7921 , "FR Radar Feu Rouge FR"
2.87456 , 42.6882 , "FR Radar Feu Rouge FR"
3.85043 , 43.6201 , "FR Radar Feu Rouge FR"
3.86511 , 43.61978 , "FR Radar Feu Rouge FR"
3.89269 , 43.59707 , "FR Radar Feu Rouge FR"
2.88478 , 42.68955 , "FR Radar Feu Rouge FR"
2.88179 , 42.68133 , "FR Radar Feu Rouge FR"
2.89872 , 42.70918 , "FR Radar Feu Rouge FR"
2.89892 , 42.70866 , "FR Radar Feu Rouge FR"
3.23037 , 43.35408 , "FR Radar Feu Rouge FR"
3.21872 , 43.34699 , "FR Radar Feu Rouge FR"
3.21817 , 43.34737 , "FR Radar Feu Rouge FR"
3.23408 , 43.34481 , "FR Radar Feu Rouge FR"
3.86735 , 43.61274 , "FR Radar Feu Rouge FR"
3.86185 , 43.62366 , "FR Radar Feu Rouge FR"
4.83602 , 43.9405 , "FR Radar Feu Rouge FR"
4.82869 , 43.93174 , "FR Radar Feu Rouge FR"
4.82969 , 43.93246 , "FR Radar Feu Rouge FR"
4.63198 , 43.675068 , "FR Radar Feu Rouge FR"
2.35238 , 43.21644 , "FR Radar Feu Rouge FR"
2.34511 , 43.21266 , "FR Radar Feu Rouge FR"
4.37396 , 43.84963 , "FR Radar Feu Rouge FR"
4.32897 , 43.83745 , "FR Radar Feu Rouge FR"
4.31362 , 43.84183 , "FR Radar Feu Rouge FR"
4.38754 , 43.842 , "FR Radar Feu Rouge FR"
4.55812 , 43.83063 , "FR Radar Feu Rouge FR"
4.56137 , 43.83064 , "FR Radar Feu Rouge FR"
2.76121 , 43.20357 , "FR Radar Feu Rouge FR"
2.76245 , 43.20319 , "FR Radar Feu Rouge FR"
2.35641 , 43.21634 , "FR Radar Feu Rouge FR"
4.83373 , 43.95154 , "FR Radar Feu Rouge FR"
4.83627 , 43.86887 , "FR Radar Feu Rouge FR"
3.84985 , 43.61984 , "FR Radar Feu Rouge FR"
3.22138 , 43.34251 , "FR Radar Feu Rouge FR"
2.90562 , 42.69598 , "FR Radar Feu Rouge FR"
2.90652 , 42.68935 , "FR Radar Feu Rouge FR"
2.87241 , 42.69428 , "FR Radar Feu Rouge FR"
2.9039 , 42.69326 , "FR Radar Feu Rouge FR"
3.84128 , 43.60869 , "FR Radar Feu Rouge FR"
2.90407 , 42.69318 , "FR Radar Feu Rouge FR"
4.85436 , 43.88799 , "FR Radar Feu Rouge FR"
4.85378 , 43.88796 , "FR Radar Feu Rouge FR"
1.52417 , 45.15758 , "FR Radar Feu Rouge FR"
1.53325 , 45.16088 , "FR Radar Feu Rouge FR"
1.5234 , 45.15736 , "FR Radar Feu Rouge FR"
1.40682 , 43.58667 , "FR Radar Feu Rouge FR"
1.47813 , 43.60503 , "FR Radar Feu Rouge FR"
1.43349 , 43.63309 , "FR Radar Feu Rouge FR"
1.47182 , 43.64987 , "FR Radar Feu Rouge FR"
1.42488 , 43.62147 , "FR Radar Feu Rouge FR"
1.41894 , 43.65895 , "FR Radar Feu Rouge FR"
1.43904 , 43.6482 , "FR Radar Feu Rouge FR"
1.46692 , 43.64151 , "FR Radar Feu Rouge FR"
1.42865 , 43.59316 , "FR Radar Feu Rouge FR"
1.45687 , 43.59467 , "FR Radar Feu Rouge FR"
1.45867 , 43.56675 , "FR Radar Feu Rouge FR"
1.40174 , 43.55771 , "FR Radar Feu Rouge FR"
1.40252 , 43.55853 , "FR Radar Feu Rouge FR"
3.07739 , 50.63084 , "FR Radar Feu Rouge FR"
3.03916 , 50.62712 , "FR Radar Feu Rouge FR"
3.0457 , 50.62182 , "FR Radar Feu Rouge FR"
2.98777 , 50.6457 , "FR Radar Feu Rouge FR"
3.17944 , 50.71486 , "FR Radar Feu Rouge FR"
3.06116 , 50.6224 , "FR Radar Feu Rouge FR"
3.19893 , 50.67731 , "FR Radar Feu Rouge FR"
3.16986 , 50.70542 , "FR Radar Feu Rouge FR"
3.04304 , 50.60716 , "FR Radar Feu Rouge FR"
2.79098 , 49.35846 , "FR Radar Feu Rouge FR"
2.78091 , 50.28873 , "FR Radar Feu Rouge FR"
2.85429 , 50.44266 , "FR Radar Feu Rouge FR"
2.92753 , 50.42497 , "FR Radar Feu Rouge FR"
2.72782 , 50.50951 , "FR Radar Feu Rouge FR"
2.92781 , 50.42482 , "FR Radar Feu Rouge FR"
2.72849 , 50.50971 , "FR Radar Feu Rouge FR"
3.02649 , 50.64752 , "FR Radar Feu Rouge FR"
3.02642 , 50.64718 , "FR Radar Feu Rouge FR"
3.02603 , 50.64761 , "FR Radar Feu Rouge FR"
3.05237 , 50.63251 , "FR Radar Feu Rouge FR"
2.85471 , 50.44295 , "FR Radar Feu Rouge FR"
3.05199 , 50.63255 , "FR Radar Feu Rouge FR"
-0.867599 , 47.073532 , "FR Radar Feu Rouge FR"
-0.901187 , 47.054212 , "FR Radar Feu Rouge FR"
-0.44637 , 46.33914 , "FR Radar Feu Rouge FR"
-0.50288 , 46.31567 , "FR Radar Feu Rouge FR"
-0.20968 , 46.41207 , "FR Radar Feu Rouge FR"
5.14343 , 43.86838 , "FR Radar Feu Rouge FR"
5.039472 , 43.831795 , "FR Radar Feu Rouge FR"
5.37838 , 43.34733 , "FR Radar Feu Rouge FR"
5.39278 , 43.28837 , "FR Radar Feu Rouge FR"
5.3872 , 43.2608 , "FR Radar Feu Rouge FR"
5.41784 , 43.27616 , "FR Radar Feu Rouge FR"
6.99898 , 43.55072 , "FR Radar Feu Rouge FR"
7.28684 , 43.70085 , "FR Radar Feu Rouge FR"
5.90198 , 43.12898 , "FR Radar Feu Rouge FR"
5.99356 , 43.13173 , "FR Radar Feu Rouge FR"
5.041276 , 43.544826 , "FR Radar Feu Rouge FR"
5.247557 , 43.367335 , "FR Radar Feu Rouge FR"
7.15469 , 43.65603 , "FR Radar Feu Rouge FR"
5.87687 , 43.10721 , "FR Radar Feu Rouge FR"
5.89896 , 43.0887 , "FR Radar Feu Rouge FR"
5.85064 , 43.13738 , "FR Radar Feu Rouge FR"
5.2481 , 43.36748 , "FR Radar Feu Rouge FR"
7.15526 , 43.65629 , "FR Radar Feu Rouge FR"
7.28708 , 43.70065 , "FR Radar Feu Rouge FR"
5.06484 , 45.04504 , "FR Radar Feu Rouge FR"
5.00397 , 43.59201 , "FR Radar Feu Rouge FR"
4.87267 , 43.93298 , "FR Radar Feu Rouge FR"
4.86044 , 43.96312 , "FR Radar Feu Rouge FR"
5.00405 , 43.59127 , "FR Radar Feu Rouge FR"
5.39877 , 43.33363 , "FR Radar Feu Rouge FR"
7.17895 , 43.65667 , "FR Radar Feu Rouge FR"
5.39903 , 43.3334 , "FR Radar Feu Rouge FR"
5.95763 , 43.11378 , "FR Radar Feu Rouge FR"
7.17868 , 43.65659 , "FR Radar Feu Rouge FR"
5.38482 , 43.28401 , "FR Radar Feu Rouge FR"
5.70107 , 45.13465 , "FR Radar Feu Rouge FR"
7.15147 , 43.65038 , "FR Radar Feu Rouge FR"
6.72759 , 43.42621 , "FR Radar Feu Rouge FR"
6.75778 , 43.43454 , "FR Radar Feu Rouge FR"
6.73043 , 43.43591 , "FR Radar Feu Rouge FR"
7.28636 , 43.73121 , "FR Radar Feu Rouge FR"
7.2867 , 43.73113 , "FR Radar Feu Rouge FR"
6.75978 , 43.43422 , "FR Radar Feu Rouge FR"
7.25131 , 43.70037 , "FR Radar Feu Rouge FR"
5.96893 , 43.11007 , "FR Radar Feu Rouge FR"
5.96977 , 43.1103 , "FR Radar Feu Rouge FR"
7.15135 , 43.65039 , "FR Radar Feu Rouge FR"
7.15806 , 43.65439 , "FR Radar Feu Rouge FR"
5.04892 , 43.83844 , "FR Radar Feu Rouge FR"
5.67744 , 45.19492 , "FR Radar Feu Rouge FR"
5.57817 , 43.64604 , "FR Radar Feu Rouge FR"
5.34363 , 43.39504 , "FR Radar Feu Rouge FR"
-52.3143 , 4.94388 , "FR Radar Feu Rouge FR"
7.34384 , 47.74115 , "FR Radar Feu Rouge FR"
6.82186 , 47.60328 , "FR Radar Feu Rouge FR"
6.82137 , 47.60276 , "FR Radar Feu Rouge FR"
6.17838 , 49.11155 , "FR Radar Feu Rouge FR"
-0.57263 , 44.81464 , "FR Radar Feu Rouge FR"
1.11722 , 44.03466 , "FR Radar Feu Rouge FR"
0.72001 , 44.4201 , "FR Radar Feu Rouge FR"
-0.59713 , 44.8202 , "FR Radar Feu Rouge FR"
-0.5972 , 44.81986 , "FR Radar Feu Rouge FR"
-0.59121 , 44.85675 , "FR Radar Feu Rouge FR"
-0.59086 , 44.85753 , "FR Radar Feu Rouge FR"
4.85077 , 45.7421 , "FR Radar Feu Rouge FR"
4.80416 , 44.1365 , "FR Radar Feu Rouge FR"
2.39363 , 47.07207 , "FR Radar Feu Rouge FR"
4.73382 , 46.10911 , "FR Radar Feu Rouge FR"
4.77444 , 45.75793 , "FR Radar Feu Rouge FR"
3.09369 , 45.77178 , "FR Radar Feu Rouge FR"
1.07679 , 49.90505 , "FR Radar Feu Rouge FR"
0.789165 , 47.501449 , "FR Radar Feu Rouge FR"
-0.10692 , 47.71999 , "FR Radar Feu Rouge FR"
0.78391 , 47.49755 , "FR Radar Feu Rouge FR"
0.78889 , 47.501218 , "FR Radar Feu Rouge FR"
0.78423 , 47.49809 , "FR Radar Feu Rouge FR"
5.14364 , 48.11468 , "FR Radar Feu Rouge FR"
4.94398 , 48.6393 , "FR Radar Feu Rouge FR"
5.33044 , 47.85856 , "FR Radar Feu Rouge FR"
-2.74875 , 48.49262 , "FR Radar Feu Rouge FR"
-1.50949 , 47.18916 , "FR Radar Feu Rouge FR"
2.33849 , 48.86921 , "FR Radar Feu Rouge FR"
2.35358 , 48.87843 , "FR Radar Feu Rouge FR"
2.37119 , 48.86421 , "FR Radar Feu Rouge FR"
2.29601 , 48.837052 , "FR Radar Feu Rouge FR"
2.37985 , 48.83215 , "FR Radar Feu Rouge FR"
2.26617 , 48.63474 , "FR Radar Feu Rouge FR"
2.73296 , 48.1855 , "FR Radar Feu Rouge FR"
2.69868 , 48.96718 , "FR Radar Feu Rouge FR"
2.2782 , 48.92142 , "FR Radar Feu Rouge FR"
2.5115 , 48.81343 , "FR Radar Feu Rouge FR"
2.48072 , 48.60068 , "FR Radar Feu Rouge FR"
2.48059 , 48.60028 , "FR Radar Feu Rouge FR"
2.27092 , 48.87487 , "FR Radar Feu Rouge FR"
2.36114 , 48.8843 , "FR Radar Feu Rouge FR"
2.36813 , 48.884 , "FR Radar Feu Rouge FR"
2.34085 , 48.86102 , "FR Radar Feu Rouge FR"
3.30225 , 50.33396 , "FR Radar Feu Rouge FR"
6.24487 , 46.19275 , "FR Radar Feu Rouge FR"
1.88936 , 50.94623 , "FR Radar Feu Rouge FR"
1.822793 , 50.944359 , "FR Radar Feu Rouge FR"
1.88857 , 50.94614 , "FR Radar Feu Rouge FR"
4.80313 , 43.38824 , "FR Radar Feu Rouge FR"
3.88457 , 43.58918 , "FR Radar Feu Rouge FR"
1.85017 , 42.93524 , "FR Radar Feu Rouge FR"
4.56418 , 43.93888 , "FR Radar Feu Rouge FR"
3.96776 , 43.65384 , "FR Radar Feu Rouge FR"
3.96843 , 43.65381 , "FR Radar Feu Rouge FR"
2.90134 , 42.68726 , "FR Radar Feu Rouge FR"
3.86435 , 43.58174 , "FR Radar Feu Rouge FR"
1.45069 , 43.61422 , "FR Radar Feu Rouge FR"
1.34831 , 44.0226 , "FR Radar Feu Rouge FR"
1.34593 , 44.01282 , "FR Radar Feu Rouge FR"
1.37015 , 44.0176 , "FR Radar Feu Rouge FR"
2.81815 , 50.44978 , "FR Radar Feu Rouge FR"
2.94704 , 50.41715 , "FR Radar Feu Rouge FR"
2.9469 , 50.41678 , "FR Radar Feu Rouge FR"
2.93449 , 50.41054 , "FR Radar Feu Rouge FR"
5.78713 , 43.82774 , "FR Radar Feu Rouge FR"
5.62297 , 43.28734 , "FR Radar Feu Rouge FR"
7.1074 , 43.57186 , "FR Radar Feu Rouge FR"
5.60363 , 43.34467 , "FR Radar Feu Rouge FR"
5.94077 , 43.12181 , "FR Radar Feu Rouge FR"
4.99489 , 43.80776 , "FR Radar Feu Rouge FR"
4.98338 , 43.41104 , "FR Radar Feu Rouge FR"
4.98353 , 43.41122 , "FR Radar Feu Rouge FR"
4.99508 , 43.80731 , "FR Radar Feu Rouge FR"
5.62316 , 43.28767 , "FR Radar Feu Rouge FR"
6.1316 , 43.11822 , "FR Radar Feu Rouge FR"
-1.699496 , 48.062709 , "FR Radar Feu Rouge FR"
-1.754063 , 48.101506 , "FR Radar Feu Rouge FR"
4.345597 , 43.837131 , "FR Radar Feu Rouge FR"
-0.37723 , 43.31214 , "FR Radar Feu Rouge FR"
4.77101 , 45.58841 , "FR Radar Feu Rouge FR"
2.21394 , 48.84914 , "FR Radar Feu Rouge FR"
3.881836 , 43.625937 , "FR Radar Feu Rouge FR"
5.699934 , 43.275847 , "FR Radar Feu Rouge FR"
2.271624 , 48.875163 , "FR Radar Feu Rouge FR"
0.72973 , 44.41569 , "FR Radar Feu Rouge FR"
0.18077 , 48.00854 , "FR Radar Feu Rouge FR"
2.238853 , 49.169091 , "FR Radar Feu Rouge FR"
6.224779 , 48.700978 , "FR Radar Feu Rouge FR"
1.074865 , 49.913843 , "FR Radar Feu Rouge FR"
5.704767 , 45.179909 , "FR Radar Feu Rouge FR"
6.009054 , 43.128376 , "FR Radar Feu Rouge FR"
7.350785 , 48.074944 , "FR Radar Feu Rouge FR"
5.057058 , 43.413912 , "FR Radar Feu Rouge FR"
4.92708 , 45.74598 , "FR Radar Feu Rouge FR"
1.320037 , 44.017423 , "FR Radar Feu Rouge FR"
7.1035 , 47.80942 , "FR Radar Feu Rouge FR"
7.105219 , 47.808854 , "FR Radar Feu Rouge FR"
-0.542921 , 47.447795 , "FR Radar Feu Rouge FR"
6.465909 , 43.522191 , "FR Radar Feu Rouge FR"
2.023505 , 49.049917 , "FR Radar Feu Rouge FR"
2.379009 , 48.995034 , "FR Radar Feu Rouge FR"
5.30558 , 43.4113 , "FR Radar Feu Rouge FR"
-0.539745 , 44.82819 , "FR Radar Feu Rouge FR"
4.874792 , 45.693762 , "FR Radar Feu Rouge FR"
7.737777 , 48.57449 , "FR Radar Feu Rouge FR"
6.764899 , 47.879729 , "FR Radar Feu Rouge FR"
2.084017 , 48.921873 , "FR Radar Feu Rouge FR"
3.172024 , 50.6945 , "FR Radar Feu Rouge FR"
5.008063 , 47.290104 , "FR Radar Feu Rouge FR"
3.4153 , 46.140016 , "FR Radar Feu Rouge FR"
7.353994 , 48.070119 , "FR Radar Feu Rouge FR"
5.04875 , 44.06044 , "FR Radar Feu Rouge FR"
2.905165 , 42.677199 , "FR Radar Feu Rouge FR"
0.191161 , 42.748304 , "FR Radar Feu Rouge FR"
3.049562 , 50.605778 , "FR Radar Feu Rouge FR"
5.40531 , 43.313959 , "FR Radar Feu Rouge FR"
3.46857 , 50.394983 , "FR Radar Feu Rouge FR"
0.358169 , 46.638166 , "FR Radar Feu Rouge FR"
3.397068 , 46.170629 , "FR Radar Feu Rouge FR"
5.213542 , 43.413673 , "FR Radar Feu Rouge FR"
1.906397 , 49.001754 , "FR Radar Feu Rouge FR"
2.606426 , 49.342777 , "FR Radar Feu Rouge FR"
6.777313 , 47.509557 , "FR Radar Feu Rouge FR"
2.372422 , 48.935828 , "FR Radar Feu Rouge FR"
2.756143 , 49.470795 , "FR Radar Feu Rouge FR"
2.92364 , 49.510646 , "FR Radar Feu Rouge FR"
1.911895 , 48.985283 , "FR Radar Feu Rouge FR"
2.563159 , 48.953203 , "FR Radar Feu Rouge FR"
4.384932 , 43.832723 , "FR Radar Feu Rouge FR"
6.845042 , 47.4822846 , "FR Radar Feu Rouge FR"
6.7813402 , 47.437142 , "FR Radar Feu Rouge FR"
1.44135 , 43.583952 , "FR Radar Feu Rouge FR"
1.437815 , 43.626077 , "FR Radar Feu Rouge FR"
1.419314 , 43.611448 , "FR Radar Feu Rouge FR"
1.4055 , 43.604372 , "FR Radar Feu Rouge FR"
2.27579 , 48.90087 , "FR Radar Feu Rouge FR"
7.2567138 , 43.6939527 , "FR Radar Feu Rouge FR"
1.376121 , 43.567575 , "FR Radar Feu Rouge FR"
2.93461 , 50.41009 , "FR Radar Feu Rouge FR"
6.843211 , 47.629273 , "FR Radar Feu Rouge FR"
5.5772 , 43.64577 , "FR Radar Feu Rouge FR"
6.727 , 43.42677 , "FR Radar Feu Rouge FR"
6.99401 , 43.55059 , "FR Radar Feu Rouge FR"
5.34336 , 43.39564 , "FR Radar Feu Rouge FR"
0.62893 , 44.19419 , "FR Radar Feu Rouge FR"
0.63372 , 44.20056 , "FR Radar Feu Rouge FR"
1.1176 , 49.90227 , "FR Radar Feu Rouge FR"
2.08258 , 49.43611 , "FR Radar Feu Rouge FR"
2.49387 , 48.94602 , "FR Radar Feu Rouge FR"
2.64514 , 49.24967 , "FR Radar Feu Rouge FR"
6.835497 , 47.6210568 , "FR Radar Feu Rouge FR"
5.153049 , 45.617212 , "FR Radar Feu Rouge FR"
2.36183 , 48.91933 , "FR Radar Feu Rouge FR"
5.37653 , 43.256082 , "FR Radar Feu Rouge FR"
-0.56119 , 44.82825 , "FR Radar Feu Rouge FR"
5.362027 , 43.348444 , "FR Radar Feu Rouge FR"
4.3644 , 45.4032 , "FR Radar Feu Rouge FR"
3.8883 , 43.61977 , "FR Radar Feu Rouge FR"
3.84673 , 43.61879 , "FR Radar Feu Rouge FR"
-0.2170095 , 46.9924905 , "FR Radar Feu Rouge FR"
3.86969 , 43.57952 , "FR Radar Feu Rouge FR"
