2.09656 , 49.33582 , "FR Radar Chantier FR "
2.6447 , 48.4431 , "FR Radar Chantier FR "
5.05462 , 49.76195 , "FR Radar Chantier FR "
6.95587 , 47.65234 , "FR Radar Chantier FR "
1.24783 , 47.51494 , "FR Radar Chantier FR "
2.51185 , 48.54606 , "FR Radar Chantier FR "
2.07868 , 49.0424 , "FR Radar Chantier FR "
4.61146 , 49.5645 , "FR Radar Chantier FR "
3.365374 , 49.375992 , "FR Radar Chantier FR "
4.1048694 , 43.5941 , "FR Radar Chantier FR "
2.1887305 , 49.0515694 , "FR Radar Chantier FR "
7.36869 , 48.2825 , "FR Radar Chantier FR "
-0.84746 , 43.70982 , "FR Radar Chantier FR "
4.52896 , 45.64517 , "FR Radar Chantier FR "
2.09668 , 50.56423 , "FR Radar Chantier FR "
2.265347 , 43.212489 , "FR Radar Chantier FR "
0.67798 , 45.06023 , "FR Radar Chantier FR "
2.20241 , 49.59011 , "FR Radar Chantier FR "
0.82657 , 47.39617 , "FR Radar Chantier FR "
2.52695 , 50.35026 , "FR Radar Chantier FR "
3.453338 , 49.040001 , "FR Radar Chantier FR "
5.74451 , 43.265148 , "FR Radar Chantier FR "
1.10182 , 48.26034 , "FR Radar Chantier FR "
0.89208 , 45.19539 , "FR Radar Chantier FR "
2.60197 , 48.47257 , "FR Radar Chantier FR "
3.34509 , 49.04495 , "FR Radar Chantier FR "
0.91983 , 47.40312 , "FR Radar Chantier FR "
0.95249 , 45.50516 , "FR Radar Chantier FR "
6.96054 , 47.65181 , "FR Radar Chantier FR "
3.835733 , 45.078308 , "FR Radar Chantier FR "
4.46067 , 44.12596 , "FR Radar Chantier FR "
4.10659 , 45.14207 , "FR Radar Chantier FR "
4.01782 , 46.00737 , "FR Radar Chantier FR "
4.20757 , 45.60848 , "FR Radar Chantier FR "
-0.11515 , 48.47382 , "FR Radar Chantier FR "
5.94755 , 47.15775 , "FR Radar Chantier FR "
2.73937 , 48.6056 , "FR Radar Chantier FR "
4.13394 , 49.94367 , "FR Radar Chantier FR "
3.61826 , 49.63337 , "FR Radar Chantier FR "
4.67878 , 45.69083 , "FR Radar Chantier FR "
4.47882 , 45.63947 , "FR Radar Chantier FR "
6.605591 , 48.305762 , "FR Radar Chantier FR "
5.43799 , 46.10213 , "FR Radar Chantier FR "
-1.14303 , 43.55661 , "FR Radar Chantier FR "
4.61928 , 45.67543 , "FR Radar Chantier FR "
-2.10856 , 48.59269 , "FR Radar Chantier FR "
5.92951 , 48.69706 , "FR Radar Chantier FR "
2.081303 , 50.376486 , "FR Radar Chantier FR "
7.551766 , 48.600953 , "FR Radar Chantier FR "
1.790932 , 49.107442 , "FR Radar Chantier FR "
-0.706603 , 48.769664 , "FR Radar Chantier FR "
3.331519 , 48.548567 , "FR Radar Chantier FR "
5.874116 , 43.4795 , "FR Radar Chantier FR "
3.248422 , 48.577222 , "FR Radar Chantier FR "
4.541717 , 48.738849 , "FR Radar Chantier FR "
0.75794 , 44.405805 , "FR Radar Chantier FR "
0.445974 , 46.524348 , "FR Radar Chantier FR "
5.87275 , 45.634368 , "FR Radar Chantier FR "
-0.591897 , 44.888837 , "FR Radar Chantier FR "
-0.661479 , 44.803653 , "FR Radar Chantier FR "
3.208598 , 48.602395 , "FR Radar Chantier FR "
3.149607 , 48.65538 , "FR Radar Chantier FR "
2.900851 , 48.775092 , "FR Radar Chantier FR "
2.857832 , 48.748439 , "FR Radar Chantier FR "
2.600357 , 48.474581 , "FR Radar Chantier FR "
5.471976 , 43.238938 , "FR Radar Chantier FR "
5.776221 , 46.933811 , "FR Radar Chantier FR "
4.6424167 , 49.9129167 , "FR Radar Chantier FR "
3.178415 , 43.313733 , "FR Radar Chantier FR "
7.520468 , 43.908844 , "FR Radar Chantier FR "
2.60641 , 44.375088 , "FR Radar Chantier FR "
7.545501 , 43.981523 , "FR Radar Chantier FR "
7.597788 , 44.080243 , "FR Radar Chantier FR "
-0.645351 , 44.789427 , "FR Radar Chantier FR "
3.020769 , 48.729084 , "FR Radar Chantier FR "
5.858313 , 45.799219 , "FR Radar Chantier FR "
0.645798 , 42.958226 , "FR Radar Chantier FR "
3.16296 , 43.306111 , "FR Radar Chantier FR "
4.2884 , 45.39166 , "FR Radar Chantier FR "
6.385221 , 46.765568 , "FR Radar Chantier FR "
2.759818 , 44.394812 , "FR Radar Chantier FR "
2.205636 , 43.713375 , "FR Radar Chantier FR "
1.727656 , 48.283585 , "FR Radar Chantier FR "
0.599906 , 43.039134 , "FR Radar Chantier FR "
4.953612 , 43.429662 , "FR Radar Chantier FR "
-0.502443 , 44.829399 , "FR Radar Chantier FR "
1.551492 , 48.402869 , "FR Radar Chantier FR "
2.221269 , 50.698893 , "FR Radar Chantier FR "
7.577162 , 44.028449 , "FR Radar Chantier FR "
2.84206 , 48.818951 , "FR Radar Chantier FR "
1.783123 , 48.238239 , "FR Radar Chantier FR "
1.127643 , 45.296272 , "FR Radar Chantier FR "
3.603378 , 46.289034 , "FR Radar Chantier FR "
0.7775 , 49.138844 , "FR Radar Chantier FR "
2.861267 , 42.532446 , "FR Radar Chantier FR "
2.208516 , 43.703473 , "FR Radar Chantier FR "
6.379827 , 46.753419 , "FR Radar Chantier FR "
5.29492 , 45.842259 , "FR Radar Chantier FR "
-1.306366 , 43.244132 , "FR Radar Chantier FR "
3.972486 , 48.363877 , "FR Radar Chantier FR "
2.587454 , 49.230351 , "FR Radar Chantier FR "
4.091255 , 45.127917 , "FR Radar Chantier FR "
2.096164 , 48.779764 , "FR Radar Chantier FR "
5.919089 , 47.129907 , "FR Radar Chantier FR "
-0.626652 , 44.788536 , "FR Radar Chantier FR "
-1.16851 , 48.386239 , "FR Radar Chantier FR "
0.715484 , 42.883363 , "FR Radar Chantier FR "
5.867675 , 45.640084 , "FR Radar Chantier FR "
2.228396 , 43.663731 , "FR Radar Chantier FR "
1.789764 , 42.737727 , "FR Radar Chantier FR "
3.935637 , 49.219909 , "FR Radar Chantier FR "
0.426117 , 46.53652 , "FR Radar Chantier FR "
4.695554 , 45.856358 , "FR Radar Chantier FR "
6.342459 , 47.040973 , "FR Radar Chantier FR "
5.338588 , 46.026525 , "FR Radar Chantier FR "
-0.832148 , 48.010175 , "FR Radar Chantier FR "
2.567549 , 48.514427 , "FR Radar Chantier FR "
-0.974974 , 45.333687 , "FR Radar Chantier FR "
2.693272 , 44.390866 , "FR Radar Chantier FR "
2.131183 , 43.195292 , "FR Radar Chantier FR "
7.412397 , 43.738857 , "FR Radar Chantier FR "
7.521921 , 43.959164 , "FR Radar Chantier FR "
3.43395 , 48.508155 , "FR Radar Chantier FR "
1.403621 , 48.221917 , "FR Radar Chantier FR "
-1.150387 , 48.417963 , "FR Radar Chantier FR "
3.060318 , 49.397087 , "FR Radar Chantier FR "
0.754587 , 49.142706 , "FR Radar Chantier FR "
5.016135 , 45.652582 , "FR Radar Chantier FR "
3.793997 , 48.500825 , "FR Radar Chantier FR "
4.614953 , 45.916763 , "FR Radar Chantier FR "
6.582537 , 48.291105 , "FR Radar Chantier FR "
1.241765 , 45.897939 , "FR Radar Chantier FR "
3.805635 , 49.182666 , "FR Radar Chantier FR "
5.270037 , 45.808485 , "FR Radar Chantier FR "
1.688729 , 48.307296 , "FR Radar Chantier FR "
-0.602548 , 44.88951 , "FR Radar Chantier FR "
4.450518 , 44.127167 , "FR Radar Chantier FR "
3.903223 , 48.453248 , "FR Radar Chantier FR "
4.717619 , 45.850903 , "FR Radar Chantier FR "
-0.679121 , 44.92858 , "FR Radar Chantier FR "
6.140449 , 48.203313 , "FR Radar Chantier FR "
0.110764 , 46.948525 , "FR Radar Chantier FR "
4.991095 , 45.665583 , "FR Radar Chantier FR "
3.674892 , 48.5135 , "FR Radar Chantier FR "
7.199295 , 49.089162 , "FR Radar Chantier FR "
4.104799 , 45.141083 , "FR Radar Chantier FR "
0.440505 , 44.77142 , "FR Radar Chantier FR "
2.06986 , 50.434314 , "FR Radar Chantier FR "
2.159394 , 50.385581 , "FR Radar Chantier FR "
3.268621 , 49.382607 , "FR Radar Chantier FR "
6.810977 , 47.295351 , "FR Radar Chantier FR "
-0.397045 , 47.161895 , "FR Radar Chantier FR "
-1.078249 , 43.686026 , "FR Radar Chantier FR "
6.5331 , 48.254588 , "FR Radar Chantier FR "
2.949371 , 49.405949 , "FR Radar Chantier FR "
2.173131 , 47.274308 , "FR Radar Chantier FR "
-1.313014 , 43.670599 , "FR Radar Chantier FR "
1.350903 , 48.147599 , "FR Radar Chantier FR "
3.550762 , 48.500379 , "FR Radar Chantier FR "
2.573951 , 50.346974 , "FR Radar Chantier FR "
7.501212 , 49.006502 , "FR Radar Chantier FR "
5.966059 , 47.192986 , "FR Radar Chantier FR "
-0.48633 , 47.149571 , "FR Radar Chantier FR "
4.580638 , 45.668216 , "FR Radar Chantier FR "
1.379627 , 48.689652 , "FR Radar Chantier FR "
2.250704 , 49.760123 , "FR Radar Chantier FR "
4.038771 , 45.066744 , "FR Radar Chantier FR "
4.620308 , 45.91855 , "FR Radar Chantier FR "
1.632959 , 48.597661 , "FR Radar Chantier FR "
3.147201 , 43.332862 , "FR Radar Chantier FR "
2.115738 , 49.266854 , "FR Radar Chantier FR "
-0.382587 , 47.164955 , "FR Radar Chantier FR "
2.848022 , 44.367862 , "FR Radar Chantier FR "
2.586134 , 48.491601 , "FR Radar Chantier FR "
2.256309 , 50.385235 , "FR Radar Chantier FR "
6.334422 , 47.032287 , "FR Radar Chantier FR "
-0.575879 , 45.31761 , "FR Radar Chantier FR "
-1.136408 , 48.458794 , "FR Radar Chantier FR "
2.269384 , 49.83858 , "FR Radar Chantier FR "
2.965346 , 44.34712 , "FR Radar Chantier FR "
3.988033 , 48.746355 , "FR Radar Chantier FR "
1.142549 , 45.430898 , "FR Radar Chantier FR "
-1.353223 , 43.28458 , "FR Radar Chantier FR "
3.109657 , 43.328504 , "FR Radar Chantier FR "
2.13264 , 50.382644 , "FR Radar Chantier FR "
5.867227 , 47.021109 , "FR Radar Chantier FR "
6.510426 , 49.296942 , "FR Radar Chantier FR "
-1.074711 , 45.465052 , "FR Radar Chantier FR "
-0.563627 , 45.258954 , "FR Radar Chantier FR "
1.23798 , 47.981603 , "FR Radar Chantier FR "
-0.411176 , 47.158576 , "FR Radar Chantier FR "
7.524468 , 43.789669 , "FR Radar Chantier FR "
2.867282 , 44.367196 , "FR Radar Chantier FR "
6.809513 , 47.2665 , "FR Radar Chantier FR "
6.583371 , 47.128422 , "FR Radar Chantier FR "
3.680758 , 49.12584 , "FR Radar Chantier FR "
3.577104 , 49.873525 , "FR Radar Chantier FR "
0.770177 , 48.750216 , "FR Radar Chantier FR "
1.445561 , 48.367034 , "FR Radar Chantier FR "
-1.877121 , 47.132585 , "FR Radar Chantier FR "
1.354374 , 48.062967 , "FR Radar Chantier FR "
5.270701 , 46.160362 , "FR Radar Chantier FR "
-0.815533 , 45.133144 , "FR Radar Chantier FR "
1.437784 , 48.343397 , "FR Radar Chantier FR "
5.761224 , 47.292246 , "FR Radar Chantier FR "
2.116977 , 50.613344 , "FR Radar Chantier FR "
7.428881 , 43.751617 , "FR Radar Chantier FR "
6.063237 , 48.942104 , "FR Radar Chantier FR "
0.576448 , 44.949664 , "FR Radar Chantier FR "
-0.968862 , 43.823697 , "FR Radar Chantier FR "
2.632697 , 44.289393 , "FR Radar Chantier FR "
2.780281 , 44.393153 , "FR Radar Chantier FR "
-0.692871 , 44.946133 , "FR Radar Chantier FR "
-1.084221 , 45.545772 , "FR Radar Chantier FR "
3.62635 , 49.553068 , "FR Radar Chantier FR "
4.326477 , 44.128545 , "FR Radar Chantier FR "
0.014192 , 43.987261 , "FR Radar Chantier FR "
1.280524 , 48.017479 , "FR Radar Chantier FR "
3.718108 , 49.705131 , "FR Radar Chantier FR "
6.062987 , 48.873041 , "FR Radar Chantier FR "
7.441579 , 43.754687 , "FR Radar Chantier FR "
3.580812 , 49.050596 , "FR Radar Chantier FR "
1.694577 , 42.784513 , "FR Radar Chantier FR "
4.597579 , 45.893277 , "FR Radar Chantier FR "
-1.21689 , 44.423553 , "FR Radar Chantier FR "
3.01446 , 44.144911 , "FR Radar Chantier FR "
3.764604 , 45.105876 , "FR Radar Chantier FR "
3.819908 , 45.083272 , "FR Radar Chantier FR "
7.518785 , 43.947372 , "FR Radar Chantier FR "
5.185312 , 43.360554 , "FR Radar Chantier FR "
2.632211 , 48.447772 , "FR Radar Chantier FR "
5.78307 , 46.94986 , "FR Radar Chantier FR "
5.736152 , 45.706963 , "FR Radar Chantier FR "
5.813165 , 45.691226 , "FR Radar Chantier FR "
5.850592 , 45.678832 , "FR Radar Chantier FR "
5.876581 , 45.622994 , "FR Radar Chantier FR "
5.88227 , 45.726308 , "FR Radar Chantier FR "
5.883264 , 45.748835 , "FR Radar Chantier FR "
5.870789 , 45.761049 , "FR Radar Chantier FR "
5.867535 , 45.773093 , "FR Radar Chantier FR "
5.86202 , 45.785281 , "FR Radar Chantier FR "
5.839447 , 45.913572 , "FR Radar Chantier FR "
3.007987 , 44.176239 , "FR Radar Chantier FR "
-0.574518 , 44.887359 , "FR Radar Chantier FR "
7.081515 , 47.824383 , "FR Radar Chantier FR "
4.12822 , 46.036805 , "FR Radar Chantier FR "
2.643262 , 44.372844 , "FR Radar Chantier FR "
5.806251 , 43.246722 , "FR Radar Chantier FR "
-3.858711 , 48.389771 , "FR Radar Chantier FR "
3.344072 , 48.986527 , "FR Radar Chantier FR "
0.171297 , 46.816778 , "FR Radar Chantier FR "
3.337196 , 45.274544 , "FR Radar Chantier FR "
5.527062 , 43.229883 , "FR Radar Chantier FR "
1.672915 , 42.914605 , "FR Radar Chantier FR "
3.0184809118509 , 43.320960925358 , "FR Radar Chantier FR "
2.667891 , 48.42378 , "FR Radar Chantier FR "
2.552572 , 50.211281 , "FR Radar Chantier FR "
1.701153 , 42.926929 , "FR Radar Chantier FR "
4.337101 , 45.643828 , "FR Radar Chantier FR "
0.8934 , 49.112688 , "FR Radar Chantier FR "
4.507765 , 49.109663 , "FR Radar Chantier FR "
4.542656 , 49.215305 , "FR Radar Chantier FR "
1.730103 , 42.770791 , "FR Radar Chantier FR "
4.63872 , 44.155391 , "FR Radar Chantier FR "
3.904522 , 45.093043 , "FR Radar Chantier FR "
-0.807658 , 45.113993 , "FR Radar Chantier FR "
2.127759 , 50.493288 , "FR Radar Chantier FR "
4.748516 , 45.377771 , "FR Radar Chantier FR "
3.064741 , 43.323202 , "FR Radar Chantier FR "
2.410745 , 49.52038 , "FR Radar Chantier FR "
-2.49615 , 48.352433 , "FR Radar Chantier FR "
4.120944 , 43.621988 , "FR Radar Chantier FR "
3.478442 , 49.269398 , "FR Radar Chantier FR "
3.258007 , 49.579854 , "FR Radar Chantier FR "
2.651848 , 44.374953 , "FR Radar Chantier FR "
1.637752 , 44.855221 , "FR Radar Chantier FR "
1.178266 , 44.39972 , "FR Radar Chantier FR "
4.12187 , 49.939673 , "FR Radar Chantier FR "
2.588158 , 49.269083 , "FR Radar Chantier FR "
5.427909 , 43.285738 , "FR Radar Chantier FR "
2.04886 , 50.414669 , "FR Radar Chantier FR "
-3.023804 , 48.719396 , "FR Radar Chantier FR "
3.23957 , 46.167589 , "FR Radar Chantier FR "
4.708011 , 44.067714 , "FR Radar Chantier FR "
-0.949848 , 43.917669 , "FR Radar Chantier FR "
-0.926377 , 47.908867 , "FR Radar Chantier FR "
5.49278 , 43.508661 , "FR Radar Chantier FR "
4.99451 , 43.828985 , "FR Radar Chantier FR "
3.811405 , 49.842519 , "FR Radar Chantier FR "
2.108726 , 50.53809 , "FR Radar Chantier FR "
4.587197 , 44.16674 , "FR Radar Chantier FR "
4.61366 , 46.481693 , "FR Radar Chantier FR "
4.136996 , 44.128378 , "FR Radar Chantier FR "
4.180682 , 48.736254 , "FR Radar Chantier FR "
4.64535 , 45.928404 , "FR Radar Chantier FR "
6.130083 , 45.980534 , "FR Radar Chantier FR "
5.609043 , 49.486091 , "FR Radar Chantier FR "
4.193248 , 46.032406 , "FR Radar Chantier FR "
6.059123 , 47.621263 , "FR Radar Chantier FR "
6.297303 , 47.126433 , "FR Radar Chantier FR "
1.824192 , 42.684391 , "FR Radar Chantier FR "
4.602971 , 46.511069 , "FR Radar Chantier FR "
5.712702 , 43.275606 , "FR Radar Chantier FR "
4.449014 , 49.049097 , "FR Radar Chantier FR "
4.191187 , 43.621893 , "FR Radar Chantier FR "
-3.94532 , 47.91516 , "FR Radar Chantier FR "
6.095094 , 45.422396 , "FR Radar Chantier FR "
4.63351 , 44.226441 , "FR Radar Chantier FR "
1.816804 , 48.809577 , "FR Radar Chantier FR "
4.140673 , 43.562044 , "FR Radar Chantier FR "
-0.653377 , 44.798506 , "FR Radar Chantier FR "
-0.651879 , 44.865937 , "FR Radar Chantier FR "
-0.520772 , 44.81318 , "FR Radar Chantier FR "
2.889827 , 49.423521 , "FR Radar Chantier FR "
1.255825 , 47.992054 , "FR Radar Chantier FR "
6.326578 , 47.00814 , "FR Radar Chantier FR "
3.394693 , 49.361727 , "FR Radar Chantier FR "
-0.504118 , 44.867523 , "FR Radar Chantier FR "
4.610327 , 49.531746 , "FR Radar Chantier FR "
1.55032 , 48.551758 , "FR Radar Chantier FR "
6.585367 , 47.04296 , "FR Radar Chantier FR "
6.384398 , 47.881794 , "FR Radar Chantier FR "
4.616181 , 44.152869 , "FR Radar Chantier FR "
-1.095051 , 43.82441 , "FR Radar Chantier FR "
4.679763 , 44.125544 , "FR Radar Chantier FR "
3.029909 , 43.211265 , "FR Radar Chantier FR "
-0.794269 , 45.03566 , "FR Radar Chantier FR "
4.53356 , 46.969241 , "FR Radar Chantier FR "
-1.898748 , 47.126867 , "FR Radar Chantier FR "
-0.574431 , 45.122291 , "FR Radar Chantier FR "
-0.847122 , 45.185063 , "FR Radar Chantier FR "
-1.081632 , 43.805332 , "FR Radar Chantier FR "
6.368393 , 46.8370624 , "FR Radar Chantier FR "
-1.0604516 , 43.7564185 , "FR Radar Chantier FR "
-0.714967 , 44.1366402 , "FR Radar Chantier FR "
-1.9408733 , 47.1211727 , "FR Radar Chantier FR "
6.070563 , 48.577293 , "FR Radar Chantier FR "
4.7371593 , 44.0137032 , "FR Radar Chantier FR "
4.616585 , 44.975881 , "FR Radar Chantier FR "
-0.455637 , 45.029943 , "FR Radar Chantier FR "
-0.518758 , 44.820417 , "FR Radar Chantier FR "
-0.676517 , 44.836977 , "FR Radar Chantier FR "
5.807966 , 43.263005 , "FR Radar Chantier FR "
2.92644 , 44.35305 , "FR Radar Chantier FR "
5.670279 , 43.265712 , "FR Radar Chantier FR "
5.750091 , 43.258544 , "FR Radar Chantier FR "
-1.469591 , 48.443712 , "FR Radar Chantier FR "
-1.0248 , 45.39078 , "FR Radar Chantier FR "
5.947122 , 48.187104 , "FR Radar Chantier FR "
4.632946 , 44.214374 , "FR Radar Chantier FR "
3.399601 , 48.529133 , "FR Radar Chantier FR "
6.48395 , 47.01152 , "FR Radar Chantier FR "
3.50237 , 49.349782 , "FR Radar Chantier FR "
4.21282 , 45.49957 , "FR Radar Chantier FR "
4.469542 , 49.070141 , "FR Radar Chantier FR "
5.48713 , 47.10886 , "FR Radar Chantier FR "
1.510503 , 48.507232 , "FR Radar Chantier FR "
5.456867 , 43.239971 , "FR Radar Chantier FR "
1.68215 , 42.9163 , "FR Radar Chantier FR "
-0.57618 , 45.34399 , "FR Radar Chantier FR "
2.8809741 , 44.3638532 , "FR Radar Chantier FR "
5.40578 , 47.03116 , "FR Radar Chantier FR "
-1.31913 , 43.25721 , "FR Radar Chantier FR "
1.1887047 , 45.8833162 , "FR Radar Chantier FR "
3.42664 , 43.32372 , "FR Radar Chantier FR "
3.43805 , 49.37398 , "FR Radar Chantier FR "
5.4910076 , 43.2382624 , "FR Radar Chantier FR "
1.95393 , 43.13594 , "FR Radar Chantier FR "
4.51063 , 44.15114 , "FR Radar Chantier FR "
-0.49308 , 45.07225 , "FR Radar Chantier FR "
1.7817 , 42.91285 , "FR Radar Chantier FR "
0.7374318 , 42.8686295 , "FR Radar Chantier FR "
6.03009 , 48.57976 , "FR Radar Chantier FR "
5.4522818 , 43.2398608 , "FR Radar Chantier FR "
6.52558 , 43.46052 , "FR Radar Chantier FR "
1.387234 , 48.19256 , "FR Radar Chantier FR "
5.889299 , 49.063998 , "FR Radar Chantier FR "
-1.07235 , 43.784297 , "FR Radar Chantier FR "
2.60925 , 48.46099 , "FR Radar Chantier FR "
-1.120755 , 43.855533 , "FR Radar Chantier FR "
3.5312234 , 43.3672389 , "FR Radar Chantier FR "
6.08707 , 46.07456 , "FR Radar Chantier FR "
2.4348812 , 48.9450636 , "FR Radar Chantier FR "
3.1466268 , 43.2967289 , "FR Radar Chantier FR "
4.9651927 , 43.5069391 , "FR Radar Chantier FR "
2.33746 , 49.15003 , "FR Radar Chantier FR "
4.1583 , 45.58981 , "FR Radar Chantier FR "
3.359416 , 49.05009 , "FR Radar Chantier FR "
4.8862 , 44.06591 , "FR Radar Chantier FR "
1.87912 , 48.95992 , "FR Radar Chantier FR "
4.96842 , 43.56024 , "FR Radar Chantier FR "
1.43068 , 48.32199 , "FR Radar Chantier FR "
-0.5585968 , 44.7778526 , "FR Radar Chantier FR "
-2.977554 , 48.529341 , "FR Radar Chantier FR "
-4.377737 , 48.383712 , "FR Radar Chantier FR "
3.694284 , 49.142036 , "FR Radar Chantier FR "
5.552857 , 47.12377 , "FR Radar Chantier FR "
2.835455 , 48.7063 , "FR Radar Chantier FR "
3.055662 , 44.126934 , "FR Radar Chantier FR "
2.81915 , 45.21967 , "FR Radar Chantier FR "
2.39429 , 45.1818 , "FR Radar Chantier FR "
5.70693 , 47.34045 , "FR Radar Chantier FR "
-1.13223 , 48.46704 , "FR Radar Chantier FR "
2.66963 , 45.26755 , "FR Radar Chantier FR "
-0.03232 , 48.45553 , "FR Radar Chantier FR "
4.12509 , 48.74139 , "FR Radar Chantier FR "
5.59633 , 47.13987 , "FR Radar Chantier FR "
1.96435 , 49.0208 , "FR Radar Chantier FR "
2.42337 , 45.08282 , "FR Radar Chantier FR "
1.614038 , 42.828532 , "FR Radar Chantier FR "
2.244057 , 47.308975 , "FR Radar Chantier FR "
2.5946587 , 49.2772588 , "FR Radar Chantier FR "
4.557871 , 49.264264 , "FR Radar Chantier FR "
1.956413 , 48.934722 , "FR Radar Chantier FR "
2.6068121 , 49.0123522 , "FR Radar Chantier FR "
1.558995 , 48.564243 , "FR Radar Chantier FR "
1.725663 , 42.932679 , "FR Radar Chantier FR "
6.276515 , 45.5973 , "FR Radar Chantier FR "
2.327657 , 48.950097 , "FR Radar Chantier FR "
4.03583 , 48.75 , "FR Radar Chantier FR "
2.4121 , 45.09207 , "FR Radar Chantier FR "
3.3655 , 49.60728 , "FR Radar Chantier FR "
-1.09034 , 45.49275 , "FR Radar Chantier FR "
2.33921 , 47.83959 , "FR Radar Chantier FR "
-0.55835 , 45.74431 , "FR Radar Chantier FR "
2.73661 , 47.79096 , "FR Radar Chantier FR "
5.64196 , 47.1473 , "FR Radar Chantier FR "
2.8687165 , 48.7901319 , "FR Radar Chantier FR "
-0.8279188 , 44.4026496 , "FR Radar Chantier FR "
2.7381834 , 47.7952805 , "FR Radar Chantier FR "
2.5731 , 47.7326 , "FR Radar Chantier FR "
-0.73032 , 45.79319 , "FR Radar Chantier FR "
4.825629 , 49.801965 , "FR Radar Chantier FR "
6.34901 , 47.05455 , "FR Radar Chantier FR "
0.665296 , 42.928286 , "FR Radar Chantier FR "
-0.47053 , 45.04825 , "FR Radar Chantier FR "
6.263222 , 47.151077 , "FR Radar Chantier FR "
-0.139456 , 48.474609 , "FR Radar Chantier FR "
6.17228 , 48.35316 , "FR Radar Chantier FR "
3.11195 , 49.53042 , "FR Radar Chantier FR "
6.40153 , 46.87537 , "FR Radar Chantier FR "
2.82908 , 49.17676 , "FR Radar Chantier FR "
2.307124 , 48.952159 , "FR Radar Chantier FR "
6.63602 , 48.3268 , "FR Radar Chantier FR "
2.53382 , 47.75469 , "FR Radar Chantier FR "
2.73648 , 47.93409 , "FR Radar Chantier FR "
7.6465 , 48.27372 , "FR Radar Chantier FR "
4.85627 , 49.81314 , "FR Radar Chantier FR "
6.32801 , 45.63127 , "FR Radar Chantier FR "
2.244585 , 49.707994 , "FR Radar Chantier FR "
0.685002 , 45.065759 , "FR Radar Chantier FR "
-0.777987 , 44.829722 , "FR Radar Chantier FR "
2.87187 , 49.21839 , "FR Radar Chantier FR "
1.2269768 , 47.4980615 , "FR Radar Chantier FR "
-0.86241 , 45.88658 , "FR Radar Chantier FR "
6.71325 , 47.13669 , "FR Radar Chantier FR "
2.2632 , 49.81729 , "FR Radar Chantier FR "
5.67566 , 47.1432 , "FR Radar Chantier FR "
-0.99405 , 44.77887 , "FR Radar Chantier FR "
2.39229 , 42.6044 , "FR Radar Chantier FR "
4.34034 , 48.73741 , "FR Radar Chantier FR "
6.5671957 , 48.2124558 , "FR Radar Chantier FR "
2.846053 , 44.243736 , "FR Radar Chantier FR "
-0.61742 , 44.78965 , "FR Radar Chantier FR "
3.089548 , 49.395928 , "FR Radar Chantier FR "
5.704897 , 47.150736 , "FR Radar Chantier FR "
-0.392719 , 44.831024 , "FR Radar Chantier FR "
2.2827 , 47.85372 , "FR Radar Chantier FR "
4.87777 , 44.08848 , "FR Radar Chantier FR "
0.26111 , 44.84071 , "FR Radar Chantier FR "
-0.6713 , 44.81115 , "FR Radar Chantier FR "
-0.5868 , 44.78285 , "FR Radar Chantier FR "
2.441133 , 50.928813 , "FR Radar Chantier FR "
-1.173732 , 44.770635 , "FR Radar Chantier FR "
6.76012 , 47.37046 , "FR Radar Chantier FR "
-0.26335 , 44.81792 , "FR Radar Chantier FR "
5.325081 , 46.070876 , "FR Radar Chantier FR "
3.639239 , 47.996737 , "FR Radar Chantier FR "
2.685024 , 48.319852 , "FR Radar Chantier FR "
-1.385532 , 48.411984 , "FR Radar Chantier FR "
5.62114 , 47.418553 , "FR Radar Chantier FR "
-0.674909 , 44.826518 , "FR Radar Chantier FR "
5.640213 , 46.845189 , "FR Radar Chantier FR "
2.494339 , 50.805487 , "FR Radar Chantier FR "
3.085058 , 49.531333 , "FR Radar Chantier FR "
1.737115 , 49.010835 , "FR Radar Chantier FR "
4.550501 , 49.234353 , "FR Radar Chantier FR "
4.328814 , 49.047913 , "FR Radar Chantier FR "
2.731665 , 44.401994 , "FR Radar Chantier FR "
6.3722 , 46.937146 , "FR Radar Chantier FR "
-1.480165 , 48.951422 , "FR Radar Chantier FR "
4.492503 , 48.743498 , "FR Radar Chantier FR "
-1.9809876 , 47.2618748 , "FR Radar Chantier FR "
2.811707 , 42.614773 , "FR Radar Chantier FR "
-2.6261 , 48.42007 , "FR Radar Chantier FR "
6.343175 , 46.934892 , "FR Radar Chantier FR "
4.643865 , 46.440156 , "FR Radar Chantier FR "
3.250978 , 47.140116 , "FR Radar Chantier FR "
2.428524 , 45.013632 , "FR Radar Chantier FR "
-0.637618 , 44.787892 , "FR Radar Chantier FR "
7.227138 , 48.056083 , "FR Radar Chantier FR "
1.54303 , 43.28165 , "FR Radar Chantier FR "
-4.064546 , 47.921207 , "FR Radar Chantier FR "
4.403463 , 49.00726 , "FR Radar Chantier FR "
7.219653 , 48.256875 , "FR Radar Chantier FR "
-1.08389 , 44.774518 , "FR Radar Chantier FR "
5.963714 , 44.552681 , "FR Radar Chantier FR "
1.706007 , 44.791701 , "FR Radar Chantier FR "
2.702129 , 48.250648 , "FR Radar Chantier FR "
-1.544804 , 48.82693 , "FR Radar Chantier FR "
6.435173 , 46.890072 , "FR Radar Chantier FR "
7.679568 , 48.342385 , "FR Radar Chantier FR "
3.021172 , 44.342998 , "FR Radar Chantier FR "
6.611531 , 43.467074 , "FR Radar Chantier FR "
2.478151 , 50.833867 , "FR Radar Chantier FR "
-3.279029 , 48.766203 , "FR Radar Chantier FR "
4.893216 , 44.88939 , "FR Radar Chantier FR "
-2.510742 , 48.441869 , "FR Radar Chantier FR "
7.230636 , 48.095039 , "FR Radar Chantier FR "
3.66223 , 48.756222 , "FR Radar Chantier FR "
4.634579 , 46.45313 , "FR Radar Chantier FR "
4.605266 , 44.554103 , "FR Radar Chantier FR "
3.006585 , 44.156938 , "FR Radar Chantier FR "
6.910226 , 48.280448 , "FR Radar Chantier FR "
-1.536211 , 48.873102 , "FR Radar Chantier FR "
-1.503285 , 48.915141 , "FR Radar Chantier FR "
-0.89846 , 45.253186 , "FR Radar Chantier FR "
-0.575292 , 45.30228 , "FR Radar Chantier FR "
2.9841828 , 42.5558504 , "FR Radar Chantier FR "
2.84284 , 42.608742 , "FR Radar Chantier FR "
7.201588 , 48.044303 , "FR Radar Chantier FR "
6.384894 , 47.536585 , "FR Radar Chantier FR "
1.134151 , 48.42552 , "FR Radar Chantier FR "
1.666564 , 44.806517 , "FR Radar Chantier FR "
6.113735 , 48.201852 , "FR Radar Chantier FR "
0.490556 , 44.444278 , "FR Radar Chantier FR "
0.884904 , 45.909183 , "FR Radar Chantier FR "
5.337838 , 45.893744 , "FR Radar Chantier FR "
2.741695 , 47.8156159 , "FR Radar Chantier FR "
2.7075177 , 48.24257 , "FR Radar Chantier FR "
4.977195 , 43.421704 , "FR Radar Chantier FR "
4.54205 , 49.191065 , "FR Radar Chantier FR "
7.238823 , 48.086335 , "FR Radar Chantier FR "
7.085421 , 48.254 , "FR Radar Chantier FR "
1.859911 , 48.797955 , "FR Radar Chantier FR "
5.96367 , 47.17344 , "FR Radar Chantier FR "
3.198791 , 45.862313 , "FR Radar Chantier FR "
6.784667 , 47.2345 , "FR Radar Chantier FR "
2.413976 , 48.396326 , "FR Radar Chantier FR "
2.254708 , 49.72752 , "FR Radar Chantier FR "
2.734498 , 47.959131 , "FR Radar Chantier FR "
1.429667 , 43.409893 , "FR Radar Chantier FR "
2.453506 , 50.908555 , "FR Radar Chantier FR "
2.769761 , 42.484874 , "FR Radar Chantier FR "
1.440039 , 43.384038 , "FR Radar Chantier FR "
-4.074258 , 47.947218 , "FR Radar Chantier FR "
4.416379 , 46.653162 , "FR Radar Chantier FR "
3.777253 , 44.676655 , "FR Radar Chantier FR "
2.519103 , 48.911642 , "FR Radar Chantier FR "
-0.08032 , 44.855019 , "FR Radar Chantier FR "
7.437745 , 48.537516 , "FR Radar Chantier FR "
0.794714 , 48.294755 , "FR Radar Chantier FR "
-3.89181 , 47.864987 , "FR Radar Chantier FR "
-4.414169 , 48.511449 , "FR Radar Chantier FR "
4.894233 , 47.014121 , "FR Radar Chantier FR "
6.761635 , 47.332879 , "FR Radar Chantier FR "
3.171866 , 45.85004 , "FR Radar Chantier FR "
-0.390075 , 46.317317 , "FR Radar Chantier FR "
3.34914 , 48.587437 , "FR Radar Chantier FR "
0.834914 , 44.416613 , "FR Radar Chantier FR "
2.503955 , 48.909235 , "FR Radar Chantier FR "
2.496739 , 48.90819 , "FR Radar Chantier FR "
5.118997 , 47.230531 , "FR Radar Chantier FR "
5.83574 , 46.9949 , "FR Radar Chantier FR "
1.384423 , 49.199897 , "FR Radar Chantier FR "
2.735615 , 47.887497 , "FR Radar Chantier FR "
4.897909 , 47.083613 , "FR Radar Chantier FR "
6.020425 , 48.186011 , "FR Radar Chantier FR "
4.583964 , 49.493131 , "FR Radar Chantier FR "
2.614171 , 47.713085 , "FR Radar Chantier FR "
2.787252 , 42.617982 , "FR Radar Chantier FR "
5.316276 , 48.075409 , "FR Radar Chantier FR "
-0.206327 , 46.253593 , "FR Radar Chantier FR "
4.565499 , 46.548524 , "FR Radar Chantier FR "
3.480139 , 46.021913 , "FR Radar Chantier FR "
1.415246 , 48.435863 , "FR Radar Chantier FR "
5.664862 , 46.841799 , "FR Radar Chantier FR "
1.167569 , 49.812885 , "FR Radar Chantier FR "
6.402243 , 46.955289 , "FR Radar Chantier FR "
5.805036 , 44.525271 , "FR Radar Chantier FR "
5.282001 , 45.820941 , "FR Radar Chantier FR "
1.651227 , 44.844303 , "FR Radar Chantier FR "
5.2226 , 48.10188 , "FR Radar Chantier FR "
-0.240632 , 46.274938 , "FR Radar Chantier FR "
6.012088 , 48.793705 , "FR Radar Chantier FR "
6.330115 , 48.5805 , "FR Radar Chantier FR "
-1.538899 , 48.855105 , "FR Radar Chantier FR "
4.804716 , 49.795022 , "FR Radar Chantier FR "
-0.549894 , 48.766509 , "FR Radar Chantier FR "
-0.070507 , 48.45961 , "FR Radar Chantier FR "
0.209595 , 44.829213 , "FR Radar Chantier FR "
-0.090858 , 43.248244 , "FR Radar Chantier FR "
4.987816 , 47.009431 , "FR Radar Chantier FR "
1.243401 , 48.591948 , "FR Radar Chantier FR "
6.412888 , 47.678672 , "FR Radar Chantier FR "
3.362511 , 46.119809 , "FR Radar Chantier FR "
5.82471 , 43.179552 , "FR Radar Chantier FR "
1.660877 , 49.512233 , "FR Radar Chantier FR "
7.418231 , 48.536264 , "FR Radar Chantier FR "
-0.554212 , 46.632167 , "FR Radar Chantier FR "
2.259515 , 47.31736 , "FR Radar Chantier FR "
-1.473137 , 48.764108 , "FR Radar Chantier FR "
6.576089 , 48.285238 , "FR Radar Chantier FR "
6.042139 , 48.813312 , "FR Radar Chantier FR "
3.630001 , 44.572904 , "FR Radar Chantier FR "
-0.277442 , 46.286611 , "FR Radar Chantier FR "
-0.134766 , 43.25404 , "FR Radar Chantier FR "
2.8668523 , 48.7823808 , "FR Radar Chantier FR "
2.805249 , 48.827861 , "FR Radar Chantier FR "
1.216264 , 48.564052 , "FR Radar Chantier FR "
1.451033 , 48.390726 , "FR Radar Chantier FR "
4.437567 , 48.743095 , "FR Radar Chantier FR "
-0.47283 , 46.7657209 , "FR Radar Chantier FR "
6.759137 , 47.20884 , "FR Radar Chantier FR "
-0.610596 , 48.653534 , "FR Radar Chantier FR "
0.088089 , 46.14193 , "FR Radar Chantier FR "
6.906633 , 47.661209 , "FR Radar Chantier FR "
1.548516 , 47.678301 , "FR Radar Chantier FR "
5.924905 , 48.72006 , "FR Radar Chantier FR "
2.71027 , 48.78356 , "FR Radar Chantier FR "
-0.298675 , 46.568844 , "FR Radar Chantier FR "
-0.336836 , 46.30018 , "FR Radar Chantier FR "
3.78521 , 47.822593 , "FR Radar Chantier FR "
0.433986 , 44.751794 , "FR Radar Chantier FR "
2.212549 , 49.094568 , "FR Radar Chantier FR "
3.817223 , 47.810858 , "FR Radar Chantier FR "
5.700127 , 43.873475 , "FR Radar Chantier FR "
5.224936 , 47.579401 , "FR Radar Chantier FR "
2.422633 , 45.111977 , "FR Radar Chantier FR "
-1.097763 , 48.502834 , "FR Radar Chantier FR "
6.942073 , 47.681592 , "FR Radar Chantier FR "
1.518524 , 47.664097 , "FR Radar Chantier FR "
2.464648 , 47.776757 , "FR Radar Chantier FR "
-1.348137 , 48.394281 , "FR Radar Chantier FR "
2.690807 , 48.681803 , "FR Radar Chantier FR "
2.193383 , 47.176227 , "FR Radar Chantier FR "
2.42311 , 49.429383 , "FR Radar Chantier FR "
2.488617 , 50.461909 , "FR Radar Chantier FR "
3.238451 , 45.914533 , "FR Radar Chantier FR "
6.728808 , 47.169648 , "FR Radar Chantier FR "
2.390798 , 49.629024 , "FR Radar Chantier FR "
5.366098 , 45.138785 , "FR Radar Chantier FR "
4.22097 , 48.732714 , "FR Radar Chantier FR "
5.489854 , 45.215189 , "FR Radar Chantier FR "
4.962811 , 47.167823 , "FR Radar Chantier FR "
2.001443 , 43.170833 , "FR Radar Chantier FR "
5.171614 , 47.510619 , "FR Radar Chantier FR "
3.612627 , 44.542755 , "FR Radar Chantier FR "
6.656082 , 47.098626 , "FR Radar Chantier FR "
4.106655 , 43.571842 , "FR Radar Chantier FR "
2.4466245 , 49.490793 , "FR Radar Chantier FR "
6.372934 , 46.85374 , "FR Radar Chantier FR "
6.370063 , 46.845645 , "FR Radar Chantier FR "
1.168723 , 48.436151 , "FR Radar Chantier FR "
2.687336 , 48.64242 , "FR Radar Chantier FR "
1.814268 , 47.855689 , "FR Radar Chantier FR "
2.459908 , 50.442932 , "FR Radar Chantier FR "
3.211639 , 47.040831 , "FR Radar Chantier FR "
3.74801 , 47.821532 , "FR Radar Chantier FR "
3.23502 , 45.899514 , "FR Radar Chantier FR "
5.609388 , 44.556025 , "FR Radar Chantier FR "
1.49722 , 49.618304 , "FR Radar Chantier FR "
1.931566 , 49.012833 , "FR Radar Chantier FR "
0.80115 , 48.313232 , "FR Radar Chantier FR "
1.667903 , 47.751171 , "FR Radar Chantier FR "
2.251674 , 49.668954 , "FR Radar Chantier FR "
3.503142 , 45.829681 , "FR Radar Chantier FR "
2.37506 , 49.137412 , "FR Radar Chantier FR "
-0.905224 , 44.787791 , "FR Radar Chantier FR "
5.067454 , 46.883148 , "FR Radar Chantier FR "
4.198061 , 43.64784 , "FR Radar Chantier FR "
5.006569 , 43.518798 , "FR Radar Chantier FR "
-3.870176 , 48.527027 , "FR Radar Chantier FR "
3.352181 , 46.088778 , "FR Radar Chantier FR "
6.804713 , 47.307718 , "FR Radar Chantier FR "
5.224032 , 46.95916 , "FR Radar Chantier FR "
2.117964 , 50.479578 , "FR Radar Chantier FR "
7.13865 , 49.106432 , "FR Radar Chantier FR "
3.809014 , 44.688394 , "FR Radar Chantier FR "
-4.003287 , 48.667256 , "FR Radar Chantier FR "
5.944481 , 48.742434 , "FR Radar Chantier FR "
1.775024 , 47.835055 , "FR Radar Chantier FR "
-1.140126 , 48.438315 , "FR Radar Chantier FR "
4.168509 , 43.568486 , "FR Radar Chantier FR "
1.754137 , 50.100546 , "FR Radar Chantier FR "
7.140949 , 47.630097 , "FR Radar Chantier FR "
6.414157 , 47.919733 , "FR Radar Chantier FR "
2.133708 , 47.212333 , "FR Radar Chantier FR "
1.114374 , 44.398435 , "FR Radar Chantier FR "
0.96102 , 47.412498 , "FR Radar Chantier FR "
2.519114 , 50.54777 , "FR Radar Chantier FR "
0.822462 , 48.334199 , "FR Radar Chantier FR "
3.126706 , 48.670937 , "FR Radar Chantier FR "
4.971444 , 47.207769 , "FR Radar Chantier FR "
6.024106 , 44.549217 , "FR Radar Chantier FR "
2.259909 , 49.80514 , "FR Radar Chantier FR "
2.930801 , 49.410906 , "FR Radar Chantier FR "
2.263047 , 47.311039 , "FR Radar Chantier FR "
-0.696447 , 44.10393 , "FR Radar Chantier FR "
2.404574 , 49.102379 , "FR Radar Chantier FR "
1.649021 , 48.824543 , "FR Radar Chantier FR "
5.892614 , 49.086707 , "FR Radar Chantier FR "
4.955717 , 44.762797 , "FR Radar Chantier FR "
1.485779 , 48.489034 , "FR Radar Chantier FR "
7.419467 , 47.589512 , "FR Radar Chantier FR "
4.114015 , 43.568838 , "FR Radar Chantier FR "
6.073471 , 48.863067 , "FR Radar Chantier FR "
3.745935 , 44.657776 , "FR Radar Chantier FR "
-3.99632 , 48.696609 , "FR Radar Chantier FR "
4.979993 , 46.827383 , "FR Radar Chantier FR "
2.347705 , 49.567045 , "FR Radar Chantier FR "
1.050359 , 47.446589 , "FR Radar Chantier FR "
1.526424 , 49.460591 , "FR Radar Chantier FR "
1.160287 , 44.396794 , "FR Radar Chantier FR "
0.961983 , 43.868806 , "FR Radar Chantier FR "
2.309663 , 49.620409 , "FR Radar Chantier FR "
1.637968 , 49.530427 , "FR Radar Chantier FR "
6.27976 , 47.136972 , "FR Radar Chantier FR "
2.67819 , 50.25166 , "FR Radar Chantier FR "
5.053582 , 46.017813 , "FR Radar Chantier FR "
-1.249287 , 43.15553 , "FR Radar Chantier FR "
-3.625372 , 48.290551 , "FR Radar Chantier FR "
0.475518 , 44.816985 , "FR Radar Chantier FR "
4.656686 , 45.938811 , "FR Radar Chantier FR "
2.9287389 , 47.4723819 , "FR Radar Chantier FR "
-0.49355 , 46.628864 , "FR Radar Chantier FR "
2.579758 , 50.53751 , "FR Radar Chantier FR "
2.419182 , 47.804744 , "FR Radar Chantier FR "
1.677533 , 44.800457 , "FR Radar Chantier FR "
0.689423 , 49.260563 , "FR Radar Chantier FR "
4.92278 , 46.792624 , "FR Radar Chantier FR "
1.636389 , 47.727588 , "FR Radar Chantier FR "
4.9437605 , 45.916301 , "FR Radar Chantier FR "
0.426462 , 44.717461 , "FR Radar Chantier FR "
1.546921 , 50.073462 , "FR Radar Chantier FR "
5.873532 , 47.035878 , "FR Radar Chantier FR "
2.680786 , 48.575986 , "FR Radar Chantier FR "
1.478138 , 49.462336 , "FR Radar Chantier FR "
-2.604962 , 47.962716 , "FR Radar Chantier FR "
6.352091 , 47.085735 , "FR Radar Chantier FR "
7.354134 , 48.279458 , "FR Radar Chantier FR "
3.825275 , 48.724377 , "FR Radar Chantier FR "
1.885705 , 49.149499 , "FR Radar Chantier FR "
-1.93874 , 47.233549 , "FR Radar Chantier FR "
-1.006528 , 45.361108 , "FR Radar Chantier FR "
-4.377783 , 48.529226 , "FR Radar Chantier FR "
2.4145 , 48.92862 , "FR Radar Chantier FR "
0.589917 , 44.973291 , "FR Radar Chantier FR "
0.613306 , 49.328279 , "FR Radar Chantier FR "
3.152887 , 48.69088 , "FR Radar Chantier FR "
3.527037 , 45.790464 , "FR Radar Chantier FR "
5.722561 , 43.890403 , "FR Radar Chantier FR "
2.7259934 , 48.5921289 , "FR Radar Chantier FR "
4.702879 , 44.481929 , "FR Radar Chantier FR "
2.348868 , 48.39658 , "FR Radar Chantier FR "
5.036171 , 45.060446 , "FR Radar Chantier FR "
2.389641 , 50.414297 , "FR Radar Chantier FR "
5.831071 , 43.459621 , "FR Radar Chantier FR "
2.496955 , 50.558502 , "FR Radar Chantier FR "
5.036079 , 46.861043 , "FR Radar Chantier FR "
1.720786 , 47.793374 , "FR Radar Chantier FR "
6.110599 , 48.59243 , "FR Radar Chantier FR "
5.672663 , 48.258888 , "FR Radar Chantier FR "
4.896244 , 44.873256 , "FR Radar Chantier FR "
0.676037 , 45.275864 , "FR Radar Chantier FR "
7.318743 , 47.614724 , "FR Radar Chantier FR "
5.6433088 , 45.2330651 , "FR Radar Chantier FR "
2.231818 , 48.425322 , "FR Radar Chantier FR "
1.620511 , 49.555929 , "FR Radar Chantier FR "
1.83996 , 48.164204 , "FR Radar Chantier FR "
0.886562 , 43.776537 , "FR Radar Chantier FR "
2.819923 , 46.76322 , "FR Radar Chantier FR "
2.2643557 , 48.883408 , "FR Radar Chantier FR "
4.122018 , 48.453544 , "FR Radar Chantier FR "
1.932237 , 48.663927 , "FR Radar Chantier FR "
5.354994 , 47.857201 , "FR Radar Chantier FR "
6.331343 , 48.583414 , "FR Radar Chantier FR "
3.195725 , 49.022211 , "FR Radar Chantier FR "
-1.281624 , 48.390381 , "FR Radar Chantier FR "
-1.1558 , 48.407204 , "FR Radar Chantier FR "
0.831709 , 49.12655 , "FR Radar Chantier FR "
5.914627 , 43.812909 , "FR Radar Chantier FR "
5.541775 , 45.281097 , "FR Radar Chantier FR "
-1.711851 , 49.364898 , "FR Radar Chantier FR "
4.199875 , 44.671723 , "FR Radar Chantier FR "
1.672798 , 48.894678 , "FR Radar Chantier FR "
4.42679 , 46.983264 , "FR Radar Chantier FR "
2.463343 , 48.902629 , "FR Radar Chantier FR "
-1.088786 , 48.524289 , "FR Radar Chantier FR "
-1.17258 , 44.772068 , "FR Radar Chantier FR "
-3.877115 , 48.467152 , "FR Radar Chantier FR "
4.194686 , 43.579874 , "FR Radar Chantier FR "
4.624708 , 46.461167 , "FR Radar Chantier FR "
5.765575 , 43.474071 , "FR Radar Chantier FR "
3.452874 , 48.700681 , "FR Radar Chantier FR "
3.090504 , 48.690212 , "FR Radar Chantier FR "
2.390359 , 45.158509 , "FR Radar Chantier FR "
2.398791 , 50.166213 , "FR Radar Chantier FR "
1.641509 , 44.182858 , "FR Radar Chantier FR "
4.911126 , 45.848621 , "FR Radar Chantier FR "
1.265418 , 49.759215 , "FR Radar Chantier FR "
-3.87065 , 48.485916 , "FR Radar Chantier FR "
4.753757 , 45.451329 , "FR Radar Chantier FR "
-4.038907 , 47.953233 , "FR Radar Chantier FR "
0.654925 , 45.30894 , "FR Radar Chantier FR "
4.508375 , 43.622348 , "FR Radar Chantier FR "
1.259127 , 47.527238 , "FR Radar Chantier FR "
3.945187 , 48.397371 , "FR Radar Chantier FR "
5.115732 , 45.034442 , "FR Radar Chantier FR "
1.224537 , 45.676347 , "FR Radar Chantier FR "
2.837526 , 45.176123 , "FR Radar Chantier FR "
4.687762 , 44.298933 , "FR Radar Chantier FR "
5.982344 , 43.406923 , "FR Radar Chantier FR "
5.653185 , 43.86021 , "FR Radar Chantier FR "
4.744998 , 45.390894 , "FR Radar Chantier FR "
4.193611 , 43.60641 , "FR Radar Chantier FR "
-1.412185 , 48.421622 , "FR Radar Chantier FR "
-1.569054 , 49.217814 , "FR Radar Chantier FR "
0.937588 , 47.40602 , "FR Radar Chantier FR "
0.64968 , 45.389963 , "FR Radar Chantier FR "
3.121604 , 48.472927 , "FR Radar Chantier FR "
3.01448 , 44.207497 , "FR Radar Chantier FR "
5.907961 , 49.026996 , "FR Radar Chantier FR "
2.878858 , 48.829347 , "FR Radar Chantier FR "
4.465239 , 46.630056 , "FR Radar Chantier FR "
2.33821 , 50.126107 , "FR Radar Chantier FR "
1.240886 , 49.463179 , "FR Radar Chantier FR "
1.228717 , 45.615388 , "FR Radar Chantier FR "
5.634934 , 43.859589 , "FR Radar Chantier FR "
-3.56943 , 48.191403 , "FR Radar Chantier FR "
3.489606 , 44.530402 , "FR Radar Chantier FR "
2.80859 , 48.65966 , "FR Radar Chantier FR "
5.197189 , 47.150645 , "FR Radar Chantier FR "
3.58147 , 44.536077 , "FR Radar Chantier FR "
3.818256 , 44.701648 , "FR Radar Chantier FR "
-0.839739 , 44.828808 , "FR Radar Chantier FR "
0.4126954 , 44.6792626 , "FR Radar Chantier FR "
3.4748301 , 44.625216 , "FR Radar Chantier FR "
2.568897 , 49.221755 , "FR Radar Chantier FR "
-0.872139 , 45.952063 , "FR Radar Chantier FR "
-0.831656 , 44.39369 , "FR Radar Chantier FR "
5.533928 , 43.481509 , "FR Radar Chantier FR "
7.006768 , 47.707975 , "FR Radar Chantier FR "
3.81816 , 50.010708 , "FR Radar Chantier FR "
4.388501 , 48.129564 , "FR Radar Chantier FR "
2.315277 , 49.987787 , "FR Radar Chantier FR "
5.014574 , 43.558072 , "FR Radar Chantier FR "
5.177126 , 46.148562 , "FR Radar Chantier FR "
4.593198 , 49.586437 , "FR Radar Chantier FR "
-1.421441 , 49.495233 , "FR Radar Chantier FR "
2.326808 , 46.94381 , "FR Radar Chantier FR "
2.951363 , 50.245397 , "FR Radar Chantier FR "
-0.522247 , 45.88214 , "FR Radar Chantier FR "
7.420997 , 48.063564 , "FR Radar Chantier FR "
2.653609 , 44.285802 , "FR Radar Chantier FR "
2.243477 , 49.698388 , "FR Radar Chantier FR "
0.826404 , 48.74536 , "FR Radar Chantier FR "
-0.009469 , 46.17539 , "FR Radar Chantier FR "
7.10815 , 47.720493 , "FR Radar Chantier FR "
1.5336294 , 46.5749901 , "FR Radar Chantier FR "
1.07075 , 47.455274 , "FR Radar Chantier FR "
5.140592 , 46.107452 , "FR Radar Chantier FR "
0.873722 , 48.361847 , "FR Radar Chantier FR "
5.062532 , 47.005284 , "FR Radar Chantier FR "
6.666766 , 46.093829 , "FR Radar Chantier FR "
4.696007 , 44.269286 , "FR Radar Chantier FR "
-1.286196 , 49.161561 , "FR Radar Chantier FR "
2.872598 , 48.804399 , "FR Radar Chantier FR "
2.778925 , 45.223304 , "FR Radar Chantier FR "
2.321278 , 50.037275 , "FR Radar Chantier FR "
3.493533 , 44.570975 , "FR Radar Chantier FR "
2.18791 , 43.863228 , "FR Radar Chantier FR "
5.850343 , 43.798184 , "FR Radar Chantier FR "
1.252807 , 45.720803 , "FR Radar Chantier FR "
3.254814 , 48.701111 , "FR Radar Chantier FR "
1.888934 , 48.653922 , "FR Radar Chantier FR "
4.580451 , 48.786927 , "FR Radar Chantier FR "
4.575663 , 49.450842 , "FR Radar Chantier FR "
2.066255 , 48.455284 , "FR Radar Chantier FR "
6.2981 , 48.633408 , "FR Radar Chantier FR "
-1.477349 , 49.205267 , "FR Radar Chantier FR "
3.9617226 , 43.669555 , "FR Radar Chantier FR "
1.887625 , 49.125087 , "FR Radar Chantier FR "
1.208343 , 45.536808 , "FR Radar Chantier FR "
4.25852 , 49.10834 , "FR Radar Chantier FR "
1.735771 , 46.773286 , "FR Radar Chantier FR "
4.084787 , 49.232055 , "FR Radar Chantier FR "
3.433634 , 50.12896 , "FR Radar Chantier FR "
7.24055 , 49.059069 , "FR Radar Chantier FR "
-1.700729 , 49.362401 , "FR Radar Chantier FR "
4.940746 , 44.789369 , "FR Radar Chantier FR "
3.53933 , 43.402041 , "FR Radar Chantier FR "
1.6081575 , 43.7482284 , "FR Radar Chantier FR "
2.101322 , 49.395346 , "FR Radar Chantier FR "
3.870261 , 49.989748 , "FR Radar Chantier FR "
2.6942921 , 44.299101 , "FR Radar Chantier FR "
4.175285 , 49.171417 , "FR Radar Chantier FR "
2.798052 , 48.644813 , "FR Radar Chantier FR "
5.2147642 , 43.3874664 , "FR Radar Chantier FR "
1.975886 , 42.910548 , "FR Radar Chantier FR "
6.3304314 , 48.5972862 , "FR Radar Chantier FR "
3.679051 , 49.082172 , "FR Radar Chantier FR "
0.703398 , 48.756602 , "FR Radar Chantier FR "
4.344998 , 48.99212 , "FR Radar Chantier FR "
3.689035 , 50.045147 , "FR Radar Chantier FR "
4.482008 , 48.867684 , "FR Radar Chantier FR "
2.88642 , 44.237913 , "FR Radar Chantier FR "
-0.3562543 , 47.170848 , "FR Radar Chantier FR "
3.1295156 , 48.6886409 , "FR Radar Chantier FR "
2.1712113 , 48.3903374 , "FR Radar Chantier FR "
4.546761 , 48.816267 , "FR Radar Chantier FR "
4.119943 , 49.2211432 , "FR Radar Chantier FR "
1.863723 , 49.44034 , "FR Radar Chantier FR "
3.863317 , 49.431418 , "FR Radar Chantier FR "
6.542581 , 48.261394 , "FR Radar Chantier FR "
7.531747 , 48.997524 , "FR Radar Chantier FR "
3.445069 , 50.445247 , "FR Radar Chantier FR "
-0.805585 , 47.529754 , "FR Radar Chantier FR "
-0.716608 , 45.786114 , "FR Radar Chantier FR "
6.2145388 , 45.5673688 , "FR Radar Chantier FR "
1.068553 , 43.923589 , "FR Radar Chantier FR "
-3.566782 , 48.177025 , "FR Radar Chantier FR "
0.107747 , 48.274223 , "FR Radar Chantier FR "
4.1686114 , 49.0110543 , "FR Radar Chantier FR "
2.44328 , 49.453203 , "FR Radar Chantier FR "
-1.240826 , 48.370665 , "FR Radar Chantier FR "
3.623745 , 44.252705 , "FR Radar Chantier FR "
0.128065 , 47.653005 , "FR Radar Chantier FR "
2.833505 , 48.958866 , "FR Radar Chantier FR "
7.56429 , 48.014328 , "FR Radar Chantier FR "
5.602606 , 44.832953 , "FR Radar Chantier FR "
3.629787 , 50.077358 , "FR Radar Chantier FR "
-1.49505 , 49.513665 , "FR Radar Chantier FR "
6.488412 , 48.608151 , "FR Radar Chantier FR "
0.14067 , 48.131283 , "FR Radar Chantier FR "
3.352814 , 49.689545 , "FR Radar Chantier FR "
1.287877 , 45.875044 , "FR Radar Chantier FR "
0.026263 , 47.687522 , "FR Radar Chantier FR "
4.744283 , 43.96443 , "FR Radar Chantier FR "
3.334013 , 50.15204 , "FR Radar Chantier FR "
4.726044 , 44.041519 , "FR Radar Chantier FR "
4.1942 , 49.810066 , "FR Radar Chantier FR "
-1.590899 , 49.582961 , "FR Radar Chantier FR "
0.1257567 , 48.1612497 , "FR Radar Chantier FR "
1.854512 , 43.88042 , "FR Radar Chantier FR "
3.574069 , 50.096317 , "FR Radar Chantier FR "
2.105978 , 49.363229 , "FR Radar Chantier FR "
0.15683 , 48.10481 , "FR Radar Chantier FR "
4.1818203 , 43.7762028 , "FR Radar Chantier FR "
-1.573103 , 49.568121 , "FR Radar Chantier FR "
0.60507 , 48.12208 , "FR Radar Chantier FR "
4.73535 , 50.0963 , "FR Radar Chantier FR "
1.12495 , 45.24088 , "FR Radar Chantier FR "
7.480744 , 48.037923 , "FR Radar Chantier FR "
0.711002 , 49.222434 , "FR Radar Chantier FR "
6.786631 , 45.894414 , "FR Radar Chantier FR "
1.980575 , 43.155336 , "FR Radar Chantier FR "
4.507923 , 48.843245 , "FR Radar Chantier FR "
4.951548 , 46.810031 , "FR Radar Chantier FR "
1.140342 , 45.195586 , "FR Radar Chantier FR "
-0.74948 , 45.802993 , "FR Radar Chantier FR "
3.861918 , 48.727086 , "FR Radar Chantier FR "
4.385863 , 48.987002 , "FR Radar Chantier FR "
4.130914 , 46.146399 , "FR Radar Chantier FR "
1.97936 , 48.2828442 , "FR Radar Chantier FR "
-1.2601447 , 43.2016468 , "FR Radar Chantier FR "
4.5943714 , 46.9520741 , "FR Radar Chantier FR "
3.450382 , 50.417773 , "FR Radar Chantier FR "
2.6913 , 48.5956 , "FR Radar Chantier FR "
4.53609 , 49.14095 , "FR Radar Chantier FR "
3.80679 , 49.28571 , "FR Radar Chantier FR "
-0.023645 , 47.688626 , "FR Radar Chantier FR "
0.453574 , 44.791259 , "FR Radar Chantier FR "
0.653782 , 45.509055 , "FR Radar Chantier FR "
4.851024 , 49.547123 , "FR Radar Chantier FR "
6.303125 , 46.355241 , "FR Radar Chantier FR "
-0.563659 , 45.800242 , "FR Radar Chantier FR "
5.611785 , 44.83962 , "FR Radar Chantier FR "
-0.882497 , 45.907094 , "FR Radar Chantier FR "
3.91815 , 49.268522 , "FR Radar Chantier FR "
0.131651 , 46.903089 , "FR Radar Chantier FR "
4.197243 , 43.583014 , "FR Radar Chantier FR "
-3.893612 , 48.615376 , "FR Radar Chantier FR "
-3.593916 , 48.234901 , "FR Radar Chantier FR "
4.19174 , 44.141166 , "FR Radar Chantier FR "
0.394353 , 48.032421 , "FR Radar Chantier FR "
5.157982 , 46.950086 , "FR Radar Chantier FR "
1.09998 , 48.51885 , "FR Radar Chantier FR "
1.764699 , 43.842547 , "FR Radar Chantier FR "
0.455125 , 48.040355 , "FR Radar Chantier FR "
0.684433 , 49.278312 , "FR Radar Chantier FR "
-0.874459 , 45.929303 , "FR Radar Chantier FR "
2.089332 , 49.291913 , "FR Radar Chantier FR "
5.150737 , 44.698346 , "FR Radar Chantier FR "
1.1607206 , 45.1571849 , "FR Radar Chantier FR "
6.96176 , 47.939159 , "FR Radar Chantier FR "
1.118032 , 45.311304 , "FR Radar Chantier FR "
4.376918 , 46.976609 , "FR Radar Chantier FR "
0.118967 , 48.250876 , "FR Radar Chantier FR "
5.103767 , 44.289777 , "FR Radar Chantier FR "
4.234922 , 44.125859 , "FR Radar Chantier FR "
-1.165729 , 49.118285 , "FR Radar Chantier FR "
4.0758392 , 48.7863679 , "FR Radar Chantier FR "
5.016999 , 45.049054 , "FR Radar Chantier FR "
3.326114 , 46.863436 , "FR Radar Chantier FR "
4.251593 , 43.814797 , "FR Radar Chantier FR "
5.506223 , 43.236562 , "FR Radar Chantier FR "
6.0076066 , 46.1136017 , "FR Radar Chantier FR "
-0.6761127 , 44.0801391 , "FR Radar Chantier FR "
1.8183902 , 42.7246195 , "FR Radar Chantier FR "
1.2756211 , 48.455279 , "FR Radar Chantier FR "
4.2238274 , 45.9459492 , "FR Radar Chantier FR "
-0.9976208 , 44.6263301 , "FR Radar Chantier FR "
-2.5553137 , 48.4411752 , "FR Radar Chantier FR "
-0.9301615 , 49.1585196 , "FR Radar Chantier FR "
3.21577 , 49.86377 , "FR Radar Chantier FR "
4.02651 , 49.023235 , "FR Radar Chantier FR "
3.9957243 , 49.0317063 , "FR Radar Chantier FR "
6.5669274 , 44.7653894 , "FR Radar Chantier FR "
5.7863402 , 46.1564432 , "FR Radar Chantier FR "
6.1282188 , 49.3267586 , "FR Radar Chantier FR "
7.5788605 , 48.1472469 , "FR Radar Chantier FR "
5.953743 , 48.686831 , "FR Radar Chantier FR "
1.386383 , 47.561737 , "FR Radar Chantier FR "
2.3843631 , 44.496005 , "FR Radar Chantier FR "
6.1542535 , 45.8411503 , "FR Radar Chantier FR "
3.4864318 , 48.7134081 , "FR Radar Chantier FR "
5.892011 , 48.634961 , "FR Radar Chantier FR "
2.21804 , 48.83912 , "FR Radar Chantier FR "
5.88989 , 48.59053 , "FR Radar Chantier FR "
-0.8860677 , 44.6763951 , "FR Radar Chantier FR "
6.4135158 , 49.1087501 , "FR Radar Chantier FR "
4.5761624 , 48.7966494 , "FR Radar Chantier FR "
6.0132658 , 45.8757419 , "FR Radar Chantier FR "
6.0776201 , 47.2698341 , "FR Radar Chantier FR "
5.9016081 , 46.1299969 , "FR Radar Chantier FR "
5.8745849 , 46.0942466 , "FR Radar Chantier FR "
5.0392029 , 45.0147398 , "FR Radar Chantier FR "
5.099286 , 45.034772 , "FR Radar Chantier FR "
2.5266 , 49.0064 , "FR Radar Chantier FR "
2.49385 , 48.9778 , "FR Radar Chantier FR "
2.47361 , 48.96444 , "FR Radar Chantier FR "
6.1831731 , 43.3232274 , "FR Radar Chantier FR "
3.1070051 , 50.6544121 , "FR Radar Chantier FR "
5.959833 , 49.280866 , "FR Radar Chantier FR "
6.0015339 , 48.794507 , "FR Radar Chantier FR "
-0.892328 , 44.9710242 , "FR Radar Chantier FR "
3.12777 , 49.87916 , "FR Radar Chantier FR "
6.3290906 , 47.3468342 , "FR Radar Chantier FR "
1.61939 , 45.17242 , "FR Radar Chantier FR "
6.3321855 , 45.8408229 , "FR Radar Chantier FR "
-1.2935087 , 43.2141909 , "FR Radar Chantier FR "
2.9719734 , 48.9584668 , "FR Radar Chantier FR "
3.0295551 , 48.951087 , "FR Radar Chantier FR "
3.0966032 , 48.9465776 , "FR Radar Chantier FR "
6.4464475 , 44.5320824 , "FR Radar Chantier FR "
2.95543 , 48.55617 , "FR Radar Chantier FR "
6.527348 , 48.200958 , "FR Radar Chantier FR "
6.0732722 , 47.2964931 , "FR Radar Chantier FR "
4.28206 , 45.49427 , "FR Radar Chantier FR "
-0.92971 , 44.65525 , "FR Radar Chantier FR "
3.217431 , 48.480706 , "FR Radar Chantier FR "
2.3591396 , 48.9223001 , "FR Radar Chantier FR "
2.8309 , 48.54406 , "FR Radar Chantier FR "
0.963273 , 43.723055 , "FR Radar Chantier FR "
6.1150396 , 43.2292694 , "FR Radar Chantier FR "
0.2217878 , 43.413961 , "FR Radar Chantier FR "
1.5658575 , 43.6866827 , "FR Radar Chantier FR "
3.20057 , 46.44086 , "FR Radar Chantier FR "
1.008983 , 43.602607 , "FR Radar Chantier FR "
1.99668 , 48.77538 , "FR Radar Chantier FR "
2.55251 , 49.06595 , "FR Radar Chantier FR "
4.4042529 , 48.0405446 , "FR Radar Chantier FR "
1.6233625 , 43.609449 , "FR Radar Chantier FR "
-0.475946 , 48.981984 , "FR Radar Chantier FR "
-0.4409337 , 48.9998625 , "FR Radar Chantier FR "
2.5894448 , 49.6475853 , "FR Radar Chantier FR "
1.6969765 , 43.5461089 , "FR Radar Chantier FR "
2.48298 , 48.90614 , "FR Radar Chantier FR "
6.39516 , 48.60481 , "FR Radar Chantier FR "
6.3919616 , 47.3565016 , "FR Radar Chantier FR "
0.27645 , 43.74991 , "FR Radar Chantier FR "
3.7857422 , 43.6253199 , "FR Radar Chantier FR "
2.7441503 , 48.8294777 , "FR Radar Chantier FR "
1.547935 , 42.9933842 , "FR Radar Chantier FR "
5.8145678 , 46.8575114 , "FR Radar Chantier FR "
6.152202 , 49.395649 , "FR Radar Chantier FR "
6.2882 , 48.6352 , "FR Radar Chantier FR "
2.91131 , 43.19005 , "FR Radar Chantier FR "
3.0410212 , 45.7052771 , "FR Radar Chantier FR "
7.24676 , 43.69115 , "FR Radar Chantier FR "
2.5007361 , 48.9706396 , "FR Radar Chantier FR "
0.5205271 , 49.6996843 , "FR Radar Chantier FR "
2.9547322 , 49.5732084 , "FR Radar Chantier FR "
2.551859 , 48.9283096 , "FR Radar Chantier FR "
2.7158734 , 49.0550748 , "FR Radar Chantier FR "
-0.618492 , 44.902722 , "FR Radar Chantier FR "
5.8504987 , 45.5110461 , "FR Radar Chantier FR "
4.0365261 , 45.6888093 , "FR Radar Chantier FR "
3.9405674 , 45.771901 , "FR Radar Chantier FR "
4.0246439 , 45.7519688 , "FR Radar Chantier FR "
1.1852682 , 48.0744883 , "FR Radar Chantier FR "
2.7136686 , 46.2361856 , "FR Radar Chantier FR "
2.08129 , 48.92061 , "FR Radar Chantier FR "
1.6791807 , 48.9843061 , "FR Radar Chantier FR "
4.82512 , 45.7535 , "FR Radar Chantier FR "
2.3422256 , 42.8128283 , "FR Radar Chantier FR "
5.3240883 , 43.8720761 , "FR Radar Chantier FR "
5.0376981 , 43.9081089 , "FR Radar Chantier FR "
6.1068884 , 48.6551775 , "FR Radar Chantier FR "
4.1210891 , 44.1792849 , "FR Radar Chantier FR "
4.770447 , 44.786331 , "FR Radar Chantier FR "
4.6216071 , 44.7111412 , "FR Radar Chantier FR "
4.6227551 , 46.3881654 , "FR Radar Chantier FR "
3.2578446 , 49.8566029 , "FR Radar Chantier FR "
6.6950244 , 47.0598648 , "FR Radar Chantier FR "
1.289658 , 45.75183 , "FR Radar Chantier FR "
6.6965157 , 44.400259 , "FR Radar Chantier FR "
1.0622393 , 49.433617 , "FR Radar Chantier FR "
2.036676 , 47.507461 , "FR Radar Chantier FR "
1.931534 , 47.798829 , "FR Radar Chantier FR "
5.9878761 , 46.573396 , "FR Radar Chantier FR "
5.8456331 , 46.7901393 , "FR Radar Chantier FR "
2.824942 , 43.913255 , "FR Radar Chantier FR "
3.024968 , 48.530302 , "FR Radar Chantier FR "
2.921957 , 48.412261 , "FR Radar Chantier FR "
4.6125171 , 46.9527166 , "FR Radar Chantier FR "
4.74808 , 45.7862 , "FR Radar Chantier FR "
0.1906777 , 47.6244566 , "FR Radar Chantier FR "
-1.1151874 , 45.7509704 , "FR Radar Chantier FR "
5.9226099 , 46.0896595 , "FR Radar Chantier FR "
-0.407442 , 49.054023 , "FR Radar Chantier FR "
5.31902 , 48.69294 , "FR Radar Chantier FR "
5.964557 , 48.690463 , "FR Radar Chantier FR "
5.974364 , 48.574251 , "FR Radar Chantier FR "
7.22617 , 43.67291 , "FR Radar Chantier FR "
5.8600232 , 46.068492 , "FR Radar Chantier FR "
4.664501 , 45.8619543 , "FR Radar Chantier FR "
2.641647 , 48.494195 , "FR Radar Chantier FR "
6.1520648 , 48.6912269 , "FR Radar Chantier FR "
6.3067317 , 46.1782444 , "FR Radar Chantier FR "
5.35252 , 43.38117 , "FR Radar Chantier FR "
5.35097 , 43.38383 , "FR Radar Chantier FR "
0.0621 , 44.284902 , "FR Radar Chantier FR "
-0.231125 , 43.981855 , "FR Radar Chantier FR "
3.7021941 , 46.536665 , "FR Radar Chantier FR "
2.395336 , 48.6875917 , "FR Radar Chantier FR "
5.184356 , 43.3672755 , "FR Radar Chantier FR "
2.02528 , 48.45497 , "FR Radar Chantier FR "
6.2149411 , 46.1720168 , "FR Radar Chantier FR "
6.3450846 , 46.1540982 , "FR Radar Chantier FR "
6.3384676 , 46.1301133 , "FR Radar Chantier FR "
7.21137 , 43.66643 , "FR Radar Chantier FR "
2.56294 , 49.00859 , "FR Radar Chantier FR "
4.712203 , 44.679017 , "FR Radar Chantier FR "
6.1685872 , 46.1570105 , "FR Radar Chantier FR "
2.3152989 , 48.9494782 , "FR Radar Chantier FR "
1.42804 , 49.88825 , "FR Radar Chantier FR "
4.43695 , 45.44064 , "FR Radar Chantier FR "
1.14876 , 47.87458 , "FR Radar Chantier FR "
1.93497 , 47.73652 , "FR Radar Chantier FR "
2.09823 , 48.836 , "FR Radar Chantier FR "
1.90753 , 48.79972 , "FR Radar Chantier FR "
6.0792106 , 48.6210608 , "FR Radar Chantier FR "
2.4301404 , 49.1111897 , "FR Radar Chantier FR "
1.89478 , 48.80476 , "FR Radar Chantier FR "
3.1225929 , 48.6880079 , "FR Radar Chantier FR "
1.42123 , 49.4594 , "FR Radar Chantier FR "
0.85424 , 47.39963 , "FR Radar Chantier FR "
6.16915 , 49.24134 , "FR Radar Chantier FR "
2.88872 , 46.84149 , "FR Radar Chantier FR "
5.50129 , 43.3061 , "FR Radar Chantier FR "
0.93421 , 43.6161 , "FR Radar Chantier FR "
1.85976 , 48.52767 , "FR Radar Chantier FR "
4.94896 , 46.2796 , "FR Radar Chantier FR "
6.60244 , 46.04671 , "FR Radar Chantier FR "
6.27556 , 48.80567 , "FR Radar Chantier FR "
6.52279 , 44.59648 , "FR Radar Chantier FR "
2.58115 , 48.85019 , "FR Radar Chantier FR "
-0.81292 , 45.84236 , "FR Radar Chantier FR "
4.58752 , 47.32904 , "FR Radar Chantier FR "
5.27176 , 47.21198 , "FR Radar Chantier FR "
-0.14112 , 43.44557 , "FR Radar Chantier FR "
4.22847 , 45.68589 , "FR Radar Chantier FR "
6.57943 , 46.05512 , "FR Radar Chantier FR "
0.15658 , 49.61541 , "FR Radar Chantier FR "
3.34397 , 49.41597 , "FR Radar Chantier FR "
6.59896 , 43.28575 , "FR Radar Chantier FR "
2.92425 , 50.25263 , "FR Radar Chantier FR "
5.39694 , 43.71851 , "FR Radar Chantier FR "
2.17358 , 48.35158 , "FR Radar Chantier FR "
-0.0294 , 44.85748 , "FR Radar Chantier FR "
1.59934 , 47.5594 , "FR Radar Chantier FR "
0.19457 , 49.65798 , "FR Radar Chantier FR "
4.25807 , 47.26694 , "FR Radar Chantier FR "
3.65706 , 44.58594 , "FR Radar Chantier FR "
4.80865 , 44.82543 , "FR Radar Chantier FR "
4.57633 , 43.98356 , "FR Radar Chantier FR "
4.32439 , 49.02685 , "FR Radar Chantier FR "
3.62993 , 49.06604 , "FR Radar Chantier FR "
6.11622 , 43.33909 , "FR Radar Chantier FR "
5.6521 , 44.78 , "FR Radar Chantier FR "
4.63153 , 48.75593 , "FR Radar Chantier FR "
3.15278 , 48.99466 , "FR Radar Chantier FR "
3.17566 , 43.4073 , "FR Radar Chantier FR "
4.71147 , 44.81726 , "FR Radar Chantier FR "
5.36753 , 48.04433 , "FR Radar Chantier FR "
4.15666 , 48.20871 , "FR Radar Chantier FR "
2.83207 , 45.13381 , "FR Radar Chantier FR "
5.09518 , 46.43236 , "FR Radar Chantier FR "
-1.69674 , 48.20581 , "FR Radar Chantier FR "
4.31014 , 47.40708 , "FR Radar Chantier FR "
4.52086 , 44.29839 , "FR Radar Chantier FR "
2.7822 , 48.51165 , "FR Radar Chantier FR "
5.81902 , 43.27908 , "FR Radar Chantier FR "
6.12524 , 43.45996 , "FR Radar Chantier FR "
6.26506 , 43.31287 , "FR Radar Chantier FR "
4.13215 , 45.46935 , "FR Radar Chantier FR "
2.35609 , 49.08397 , "FR Radar Chantier FR "
4.56422 , 49.80687 , "FR Radar Chantier FR "
4.27074 , 47.32414 , "FR Radar Chantier FR "
3.65322 , 44.00108 , "FR Radar Chantier FR "
-1.73431 , 48.3924 , "FR Radar Chantier FR "
4.05755 , 45.63228 , "FR Radar Chantier FR "
2.45084 , 42.80351 , "FR Radar Chantier FR "
1.42355 , 49.95428 , "FR Radar Chantier FR "
0.95571 , 43.49645 , "FR Radar Chantier FR "
5.21832 , 45.52821 , "FR Radar Chantier FR "
3.74848 , 48.71886 , "FR Radar Chantier FR "
-0.28136 , 46.70159 , "FR Radar Chantier FR "
4.61946 , 43.86497 , "FR Radar Chantier FR "
